station_id,terminal_id,X_lon,Y_lat,address,postcode,place,area,started,docks,hires,duration
1,1023,-0.10997,51.529163,24 River St,EC1R1XN,River Street,Clerkenwell,20120104,19,37935,830
2,1018,-0.197574,51.499606,1 Phillimore Gardens,W8  7RA,Phillimore Gardens,Kensington,20120104,37,50899,1480
3,1012,-0.084605,51.521283,9 Christopher St,EC2A2BU,Christopher Street,Liverpool Street,20120104,32,54428,931
4,1013,-0.120973,51.530059,8 St Chad's St,WC1X8QS,St. Chad's Street,King's Cross,20120104,23,71094,1143
5,3420,-0.156876,51.49313,3 Sedding St,SW1W8EE,Sedding Street,Sloane Square,20120104,27,69306,1389
6,3424,-0.144228,51.518117,3 Portland Pl,W1B 1HR,Broadcasting House,Marylebone,20120104,18,64704,1096
7,3422,-0.168074,51.5343,53 Allitsen Rd,NW8 7BT,Charlbert Street,St. John's Wood,20120104,16,32193,1417
8,3423,-0.170134,51.528341,48 Lodge Rd,NW8 8JY,Lodge Road,St. John's Wood,20120104,18,10540,1259
9,1015,-0.09644,51.507385,18 New Globe Walk,SE1 9DR,New Globe Walk,Bankside,20120104,19,82275,1220
10,1024,-0.092754,51.505974,28-30 Park St,SE1 9ER,Park Street,Bankside,20120104,18,54563,1358
11,1022,-0.122502,51.523951,11-13 Brunswick Square,WC1N1AW,Brunswick Square,Bloomsbury,20120104,24,74810,930
12,980,-0.130431,51.52168,Malet St,WC1E7HX,Malet Street,Bloomsbury,20120104,49,131303,926
13,970,-0.136039,51.519914,2 Scala St,W1T 2NU,Scala Street,Fitzrovia,20120104,21,51097,933
14,1011,-0.123616,51.529943,2 Belgrove St,NW1 2SB,Belgrove Street,King's Cross,20120104,48,390561,1014
15,988,-0.127854,51.517727,97 Great Russell St,WC1B3LE,Great Russell Street,Bloomsbury,20120104,26,80083,1181
16,1010,-0.125979,51.526357,1 Cartwright Gardens,WC1N1AG,Cartwright Gardens,Bloomsbury,20120104,22,83071,1004
17,1008,-0.109006,51.521661,Blackbull Yard,EC1N8LX,Hatton Wall,Holborn,20120104,26,121743,911
18,1007,-0.122219,51.51477,36-37 Drury Ln,WC2B5AD,Drury Lane,Covent Garden,20120104,27,140434,1129
19,1009,-0.131161,51.52505,14 Taviton St,WC1H0PY,Taviton Street,Bloomsbury,20120104,30,86634,962
20,993,-0.135273,51.527736,93 Drummond St,NW1 2LW,Drummond Street,Euston,20120104,28,76547,1066
21,3426,-0.138846,51.530078,140 Hampstead Rd,NW1 3SH,Hampstead Road (Cartmel),Euston,20120104,16,24087,1115
22,3425,-0.114079,51.522264,57A Gray's Inn Rd,WC1N2JE,Northington Street,Holborn,20120104,19,79464,867
23,3421,-0.119123,51.519435,Old N St,WC1R4RB,Red Lion Square,Holborn,20120104,16,57746,917
24,981,-0.124678,51.51908,27 Montague St,WC1B5BW,British Museum,Bloomsbury,20120104,35,107090,1240
25,1004,-0.13225,51.528833,46 Doric Way,NW1 1LH,Doric Way,Somers Town,20120104,31,85387,1077
26,1019,-0.118295,51.52728,36 Ampton St,WC1X8EB,Ampton Street,Clerkenwell,20120104,21,56944,1007
27,1021,-0.107927,51.513821,4 Bouverie St,EC4Y8AY,Bouverie Street,Temple,20120104,33,77596,965
28,1025,-0.143613,51.523518,53 Bolsover St,W1W 5JL,Bolsover Street,Fitzrovia,20120104,19,89046,1143
29,1016,-0.193487,51.513735,64 Leinster Square,W2  4PW,Hereford Road,Bayswater,20120104,22,52689,1336
30,1029,-0.093421,51.529154,2 Windsor Terrace,N1  7TJ,Windsor Terrace,Hoxton,20120104,24,58727,920
31,3427,-0.083353,51.529537,73 Pitfield St,N1  6BS,Fanshaw Street,Hoxton,20120104,36,56332,1175
32,1020,-0.084439,51.524696,56-64 Leonard St,EC2A4LW,Leonard Circus,Shoreditch,20120104,43,111577,1031
33,3430,-0.070056,51.5156,Central House,E1  7PF,Altab Ali Park,Whitechapel,20120104,18,77384,1268
34,3428,-0.129386,51.534123,147 Pancras Rd,NW1 1UH,Pancras Road,King's Cross,20120104,16,40665,1110
36,3446,-0.18498,51.501737,1 De Vere Gardens,SW7 5BB,De Vere Gardens,Kensington,20120104,28,46548,1597
37,3444,-0.192369,51.491593,1 Penywern Rd,SW5 9AD,Penywern Road,Earl's Court,20120104,17,51732,1592
38,3442,-0.197245,51.497387,84 Abingdon Villas,W8  6ED,Abingdon Villas,Kensington,20120104,17,31179,1050
39,3445,-0.07813,51.526377,134-135 Shoreditch High St,E1  6JE,Shoreditch High Street,Shoreditch,20120104,41,161867,1411
40,1083,-0.075578,51.52127,155 Commercial St,E1  6BJ,Commercial Street,Shoreditch,20120104,16,63638,1148
41,1084,-0.083911,51.520017,4 Crown Pl,EC2M2PY,Sun Street,Liverpool Street,20120104,25,143699,813
42,979,-0.093903,51.530991,5 Wenlock Rd,N1  7GG,Wenlock Road,Hoxton,20120104,28,59801,889
43,1036,-0.157183,51.52026,2 Crawford St,W1U 6AY,Crawford Street,Marylebone,20120104,18,64336,1124
44,1034,-0.144165,51.510736,10 Bruton St,W1J 6PU,Bruton Street,Mayfair,20120104,21,35014,1328
45,1035,-0.162298,51.522511,16 Boston Pl,NW1 6QH,Boston Place,Marylebone,20120104,26,108776,1039
46,1031,-0.06691,51.507131,Vaughan Way,E1W 1YW,Nesham Street,Wapping,20120104,16,97435,840
47,1027,-0.183846,51.523344,42A Warwick Ave,W9  1DX,Warwick Avenue Station,Maida Vale,20120104,19,75254,1642
48,971,-0.099141,51.512484,17 Godliman St,EC4V5BD,Godliman Street,St. Paul's,20120104,25,98929,1166
49,3437,-0.145904,51.507069,50 Curzon St,W1J 5HE,Curzon Street,Mayfair,20120104,16,47779,1516
50,1054,-0.087459,51.528673,55 East Rd,N1  6DG,East Road,Hoxton,20120104,27,57553,1006
51,986,-0.104298,51.526717,272-278 St John St,EC1V4NB,Finsbury Library,Finsbury,20120104,29,55176,1047
52,1026,-0.094934,51.522954,88 Golden Ln,EC1Y0UA,Roscoe Street,St. Luke's,20120104,18,64509,855
53,3431,-0.143495,51.509992,7-8 Grafton St,W1J 6HZ,Grafton Street,Mayfair,20120104,18,32718,1260
54,967,-0.094475,51.521747,86 Golden Ln,EC1Y0RS,Golden Lane,Barbican,20120104,27,72307,758
55,984,-0.086685,51.517075,Circus Pl,EC2M5PG,Finsbury Circus,Liverpool Street,20120104,33,191904,907
56,1033,-0.154701,51.520583,22 Paddington St,W1U 5BJ,Paddington Street,Marylebone,20120104,15,56741,1108
57,974,-0.120202,51.523346,30 Guilford St,WC1N1EH,Guilford Street,Bloomsbury,20120104,32,89691,934
58,1032,-0.079248,51.524526,25 New Inn Yard,EC2A3EZ,New Inn Yard,Shoreditch,20120104,20,79619,1059
59,1014,-0.114329,51.531768,4 Rodney St,N1  9JE,Rodney Street,Angel,20120104,30,31664,1099
60,1030,-0.17219,51.526448,219 Lisson Grove,NW8 8LW,Lisson Grove,St. John's Wood,20120104,18,28571,1400
61,1017,-0.089446,51.497382,60 Great Dover St,SE1 4YF,Great Dover Street,Borough,20120104,33,60404,1031
62,990,-0.106323,51.490757,54-60 Kennington Ln,SE114HP,Cotton Garden Estate,Kennington,20120104,24,32938,1058
63,989,-0.089782,51.53089,85 Murray Grove,N1  7FB,Murray Grove,Hoxton,20120104,27,46826,976
64,1028,-0.124749,51.509462,5 William IV St,WC2R0QN,William IV Street,Strand,20120104,26,144874,1204
65,969,-0.135188,51.525227,215 Gower Pl,WC1E6BP,Gower Place,Euston,20120104,17,73453,886
66,982,-0.108657,51.51795,124 Holborn,EC1N2DY,Holborn Circus,Holborn,20120104,40,127787,946
67,985,-0.108028,51.518825,100-102 Hatton Garden,EC1N8AT,Hatton Garden,Holborn,20120104,28,83576,866
68,975,-0.116688,51.520596,11 Theobalds Rd,WC1R4HD,Theobald's Road,Holborn,20120104,26,88558,926
69,983,-0.134407,51.526236,194 Euston Rd,NW1 2FB,Euston Road,Euston,20120104,24,63731,1328
70,1066,-0.117069,51.53136,200 Pentonville Road,N1  9JP,Calshot Street,King's Cross,20120104,24,31748,1292
71,1074,-0.09885,51.515418,81 Newgate St,EC4M7DZ,Newgate Street,St. Paul's,20120104,34,134558,980
72,3432,-0.10834,51.52352,Free Word Centre,EC1R3BP,Farringdon Lane,Clerkenwell,20120104,16,53648,956
73,1064,-0.088486,51.525726,207 Old Street,EC1V9NR,Old Street Station,St. Luke's,20120104,37,175692,1031
74,1000,-0.124469,51.485917,2 Wandsworth Rd,SW8 2FH,Vauxhall Cross,Vauxhall,20120104,17,107114,1290
75,1060,-0.10548,51.532199,2 Angel Mews,EC1V1NQ,Torrens Street,Angel,20120104,19,77066,1130
76,976,-0.144083,51.525595,Longford St,NW1 3PE,Longford Street,Regent's Park,20120104,20,43618,1325
77,978,-0.124121,51.523418,3-29 Marchmont St,WC1N1LE,Russell Square Station,Bloomsbury,20120104,26,107092,1093
78,3433,-0.099489,51.524868,83 Goswell Rd,EC1V7ER,Sadlers Sports Centre,Finsbury,20120104,17,84764,843
79,,-0.097164,51.491179,8-9 Wensey Street,SE171RS,Wansey Street,Walworth,20120104,0,14991,1287
80,3448,-0.102091,51.500693,61 Webber St,SE1 0RD,Webber Street,Southwark,20120104,45,50309,849
81,3450,-0.141327,51.520253,122 Great Titchfield St,W1W 6XY,Great Titchfield Street,Fitzrovia,20120104,19,64226,998
82,3453,-0.111257,51.514274,124 Chancery Ln,WC2A1PT,Chancery Lane,Holborn,20120104,15,39168,952
83,3452,-0.13151,51.509639,35 Panton St,SW1Y4EL,Panton Street,West End,20120104,21,81040,1661
84,3449,-0.111778,51.515937,5 Bream's Buildings,WC2A1LB,Breams Buildings,Holborn,20120104,25,38594,924
85,994,-0.0786,51.500647,169 Tower Bridge Rd,SE1 3LU,Tanner Street,Bermondsey,20120104,39,74483,1312
86,3434,-0.115156,51.489479,65 Sancroft St,SE115NF,Sancroft Street,Vauxhall,20120104,24,29910,868
87,3438,-0.079684,51.516468,2 Devonshire Square,EC2M4UJ,Devonshire Square,Liverpool Street,20120104,16,76522,916
88,1006,-0.132053,51.518587,13 Bayley St,WC1B3HA,Bayley Street,Bloomsbury,20120104,25,85155,1118
89,3439,-0.123509,51.52625,68 Tavistock Pl,WC1H9RW,Tavistock Place,Bloomsbury,20120104,19,69505,994
90,1038,-0.139174,51.533019,263 Hampstead Rd,NW1 7DF,Harrington Square 1,Camden Town,20120104,27,18993,1449
91,1076,-0.111014,51.493686,126-134 A23,SE116RB,Walnut Tree Walk,Vauxhall,20120104,20,43169,882
92,1082,-0.10044,51.498898,44 Borough Rd,SE1 0AJ,Borough Road,Elephant & Castle,20120104,41,36587,1033
93,2586,-0.109025,51.534408,12 Cloudesley Rd,N1  0EQ,Cloudesley Road,Angel,20120104,37,60267,1406
94,1070,-0.085814,51.495061,Great Dover St,SE1 4TD,Bricklayers Arms,Borough,20120104,28,69900,1227
95,1065,-0.09734,51.520841,Barbican Medical Physiotherapy,EC1A4JR,Aldersgate Street,Barbican,20120104,15,139631,809
96,1047,-0.078505,51.53095,28 Jerrold St,N1  6RU,Falkirk Street,Hoxton,20120104,26,48219,1250
97,3447,-0.183834,51.497924,52 Gloucester Rd,SW7 4UB,Gloucester Road (North),Kensington,20120104,18,58620,1410
98,972,-0.138231,51.525542,A400,NW1 2AF,Hampstead Road,Euston,20120104,54,74175,1166
99,1085,-0.158264,51.514577,La Porte Des Indes,W1H 7JP,Old Quebec Street,Marylebone,20120104,16,75539,1312
100,1059,-0.122806,51.490435,27-29 Albert Embankment,SE1 7TJ,Albert Embankment,Vauxhall,20120104,24,47629,1600
101,999,-0.09294,51.511553,33 Queen St,EC4R1BR,Queen Street 1,Bank,20120104,22,183443,931
102,1045,-0.076793,51.513406,1 Aldgate,EC3N2ER,Jewry Street,Aldgate,20120104,17,61494,1170
103,3441,-0.192538,51.504723,Marqueen Court,W8  4AA,Vicarage Gate,Kensington,20120104,18,26397,1272
104,991,-0.077121,51.511594,9 Crosswall,EC3N2AU,Crosswall,Tower,20120104,34,162691,1039
105,1041,-0.19024,51.515529,43 Westbourne Grove,W2  5RH,Westbourne Grove,Bayswater,20120104,26,56592,1586
106,1042,-0.147301,51.514105,2 Woodstock St,W1C 2AT,Woodstock Street,Mayfair,20120104,21,44162,1390
107,1049,-0.096317,51.526008,152 Central St,EC1V3AF,Finsbury Leisure Centre,St. Luke's,20120104,20,100644,796
108,3429,-0.132102,51.498125,3 Abbey Orchard St,SW1P2BS,Abbey Orchard Street,Westminster,20120104,29,75914,1162
109,1052,-0.132328,51.515631,12-13 Soho Square,W1D 3QF,Soho Square,Soho,20120104,57,133887,1322
110,1055,-0.172528,51.533043,40 Wellington Rd,NW8 9ST,Wellington Road,St. John's Wood,20120104,17,37296,1438
111,1037,-0.157275,51.510017,96 Park Ln,W1K 7TF,Park Lane,Hyde Park,20120104,28,66961,2583
112,1061,-0.10527,51.515809,40 Stonecutter St,EC4A4TR,Stonecutter Street,Holborn,20120104,42,131132,878
113,3435,-0.183289,51.496462,100 Gloucester Rd,SW7 4PD,Gloucester Road (Central),South Kensington,20120104,19,46675,1303
114,1050,-0.158963,51.524517,21 Park Rd,NW1 4RB,Park Road (Baker Street),Regent's Park,20120104,22,87407,1528
115,1062,-0.073537,51.514233,Aldgate Union,E1  8DX,Braham Street,Aldgate,20120104,34,101271,1057
116,995,-0.141423,51.514499,1 Little Argyll St,W1F 7BQ,Little Argyll Street,West End,20120104,21,125830,1449
117,998,-0.114934,51.49288,91 Lollard St,SE116PY,Lollard Street,Vauxhall,20120104,25,27120,881
118,3457,-0.135478,51.495827,10 Rochester Row,SW1P1AB,Rochester Row,Westminster,20120104,13,35191,1100
119,964,-0.090847,51.525893,Newland Court,EC1V9NP,Bath Street,St. Luke's,20120104,18,107057,840
120,1044,-0.09308,51.515735,2 Aldermanbury,EC2V5AF,The Guildhall,Guildhall,20120104,17,39827,945
121,1086,-0.156166,51.518913,Sun Capital Partners Ltd,W1U 7EU,Baker Street,Marylebone,20120104,21,49840,1082
122,1068,-0.078869,51.521113,13 Norton Folgate,E1  6DB,Norton Folgate,Liverpool Street,20120104,23,69181,1201
123,992,-0.104724,51.52836,61 Rawstorne St,EC1V4PA,St. John Street,Finsbury,20120104,18,45825,913
124,1069,-0.150905,51.496544,B310,SW1W9AD,Eaton Square,Belgravia,20120104,20,43438,1345
125,996,-0.094524,51.500694,3 Lant St,SE1 1QN,Borough High Street,Borough,20120104,21,56037,1168
126,1043,-0.096496,51.517821,140 London Wall,EC2Y5HN,Museum of London,Barbican,20120104,52,88790,873
127,1063,-0.093885,51.517008,88 Wood St,EC2V7DA,Wood Street,Guildhall,20120104,17,46475,911
128,1116,-0.185296,51.495362,9 Emperor's Gate,SW7 4RT,Emperor's Gate,South Kensington,20120104,22,44153,1141
129,3451,-0.137043,51.511897,4 Golden Square,W1F 9HT,Golden Square,Soho,20120104,18,67300,1284
130,1071,-0.075459,51.509506,362 Tower Hill,EC3N4DR,Tower Gardens,Tower,20120104,24,121017,1571
131,1005,-0.136792,51.533005,190-198 Eversholt St,NW1 1NX,Eversholt Street,Camden Town,20120104,16,44323,1098
132,973,-0.074754,51.523648,34 Bethnal Green Rd,E1  6JU,Bethnal Green Road,Shoreditch,20120104,38,180866,1374
133,3436,-0.191462,51.501364,9 Derry St,W8  5EE,Derry Street,Kensington,20120104,18,98436,1242
134,1039,-0.06797,51.504904,1 Wapping High St,E1W 1UJ,Wapping High Street,Wapping,20120104,20,38407,1374
135,1053,-0.104708,51.52326,1 Sekforde St,EC1R0DE,Clerkenwell Green,Clerkenwell,20120104,21,111329,859
136,1048,-0.097441,51.511961,128 Queen Victoria St,EC4V4BJ,Queen Victoria Street,St. Paul's,20120104,32,81594,1312
137,1119,-0.153319,51.490874,46-47 Bourne St,SW1W8UN,Bourne Street,Belgravia,20120104,16,48044,1319
138,3464,-0.157436,51.512276,128 Green St,W1K 7AE,Green Street,Mayfair,20120104,19,49834,1688
139,1078,-0.117974,51.494881,109 Lambeth Rd,SE1 7JL,Lambeth Road,Vauxhall,20120104,18,40406,1040
140,1056,-0.085634,51.520962,30 Finsbury Square,EC2A1AG,Finsbury Square,Moorgate,20120104,33,65708,924
141,1003,-0.147203,51.515308,Saint Peters Church,W1G 0DQ,Chapel Place,Marylebone,20120104,29,62705,1075
142,1001,-0.198286,51.493724,56 W Cromwell Rd,SW5 9QN,West Cromwell Road,Earl's Court,20120104,24,49080,1217
143,1114,-0.161203,51.496886,37 Pont St,SW1X0BB,Pont Street,Knightsbridge,20120104,24,45199,1393
144,1093,-0.111435,51.48894,13 Sancroft St,SE115UQ,Kennington Cross,Kennington,20120104,47,80461,987
145,1115,-0.202759,51.500743,26 Ilchester Pl,W14 8AA,Ilchester Place,Kensington,20120104,24,14242,1675
146,1046,-0.129361,51.488365,A202,SW1V3JL,Vauxhall Bridge,Pimlico,20120104,35,42516,1521
147,3456,-0.116146,51.514943,10 Portugal St,WC2A2HD,Portugal Street,Holborn,20120104,16,32833,925
148,965,-0.138364,51.492111,39 Tachbrook St,SW1V2LZ,Tachbrook Street,Victoria,20120104,16,56237,967
149,1073,-0.110683,51.484788,1 Bowling Green St,SE114QA,Kennington Road Post Office,Oval,20120104,18,36146,1623
150,1002,-0.168917,51.497056,76 Cottage Pl,SW3 2BQ,Holy Trinity Brompton,Knightsbridge,20120104,28,58503,1579
151,1120,-0.201554,51.512136,39 Chepstow Villas,W11 3DP,Chepstow Villas,Notting Hill,20120104,26,51302,1878
152,1118,-0.101536,51.49217,57 Hampton St,SE114RX,Hampton Street,Walworth,20120104,21,42004,1180
153,1096,-0.174292,51.511834,Westbourne Gate,W2  2UD,Bayswater Road,Hyde Park,20120104,26,142735,1899
154,1072,-0.112824,51.503791,15a Mepham St,SE1 8SQ,Waterloo Station 3,Waterloo,20120104,35,343304,867
155,1121,-0.191933,51.495866,55 Lexham Gardens,W8  5LJ,Lexham Gardens,Kensington,20120104,19,45750,1063
156,966,-0.092921,51.494436,102 Harper Rd,SE1 6AQ,New Kent Road,Borough,20120104,33,43703,1341
157,1094,-0.193068,51.500397,4 Wrights Ln,W8  5RY,Wright's Lane,Kensington,20120104,37,83882,1351
158,1113,-0.19617,51.490853,44 Trebovir Rd,SW5 9TD,Trebovir Road,Earl's Court,20120104,18,38772,1517
159,1125,-0.137841,51.514619,59 Great Marlborough St,W1F 7JU,Great Marlborough Street,Soho,20120104,39,104122,1333
160,3458,-0.131773,51.506633,Waterloo Pl,SW1Y5ED,Waterloo Place,St. James's,20120104,20,71902,1994
161,3478,-0.141334,51.492345,15B Guildhouse St,SW1V1JB,Guildhouse Street,Victoria,20120104,16,39319,1038
162,1123,-0.121328,51.517606,9 Southampton Pl,WC1V6AN,Southampton Place,Holborn,20120104,20,84278,1080
163,3461,-0.167894,51.493184,74 Sloane Ave,SW3 3DZ,Sloane Avenue,Knightsbridge,20120104,30,64387,1383
164,1178,-0.183118,51.515607,8A Cleveland Gardens,W2  6ED,Cleveland Gardens,Bayswater,20120104,16,38704,1282
165,2585,-0.183716,51.517932,16-41 Orsett Terrace,W2  6AZ,Orsett Terrace,Bayswater,20120104,15,18084,1059
166,1177,-0.159237,51.501855,101 Knightsbridge,SW1X7RQ,Seville Street,Knightsbridge,20120104,27,69578,1811
167,3465,-0.147624,51.49395,2 Eccleston Pl,SW1W9SA,Eccleston Place,Victoria,20120104,19,101183,1195
168,3463,-0.195455,51.500401,1A Argyll Rd,W8  7DT,Argyll Road,Kensington,20120104,19,35689,1556
169,3477,-0.165164,51.514746,4 Archery Cl,W2  2AH,Porchester Place,Paddington,20120104,18,59757,1350
170,1057,-0.108068,51.527842,5 Hardwick St,EC1R4RG,Hardwick Street,Clerkenwell,20120104,30,52301,886
171,3459,-0.186753,51.491615,3 Collingham Gardens,SW5 0HW,Collingham Gardens,Earl's Court,20120104,14,37467,1242
172,1124,-0.173715,51.491211,59 Sumner Pl,SW7 3NT,Sumner Place,South Kensington,20120104,19,28262,1457
173,1176,-0.113001,51.50486,137 Stamford St,SE1 8WA,Waterloo Road,South Bank,20120104,15,66770,1164
174,1100,-0.115163,51.512529,180 Strand,WC2R1EA,Strand,Strand,20120104,36,76518,1249
175,997,-0.081118,51.521743,5 Appold St,EC2A2AP,Appold Street,Liverpool Street,20120104,26,60478,915
176,1173,-0.188098,51.517919,258D Gloucester Terrace,W2  6EU,Gloucester Terrace,Bayswater,20120104,23,42541,1382
177,1122,-0.140947,51.49616,25 Ashley Pl,SW1P1BX,Ashley Place,Victoria,20120104,25,105720,1085
178,3460,-0.141923,51.489856,61 St George's Dr,SW1V2AQ,Warwick Square,Pimlico,20120104,19,48007,1064
180,1126,-0.153645,51.512911,61 Green St,W1K 6ZF,North Audley Street,Mayfair,20120104,17,52524,1368
181,3473,-0.152317,51.499412,39 Belgrave Square,SW1X8PA,Belgrave Square,Belgravia,20120104,21,31870,1434
182,1166,-0.165842,51.522029,93 Bell St,NW1 6TL,Bell Street,Marylebone,20120104,18,49658,1088
183,1165,-0.136123,51.482362,9 Battersea Park Rd,SW8 5AU,Riverlight North,Nine Elms,20120104,24,19189,1025
184,1164,-0.145211,51.520715,40-62 A4201,W1B 1NJ,Portland Place,Marylebone,20120104,34,66148,1142
185,1174,-0.140741,51.488057,134 Alderney St,SW1V4HB,Alderney Street,Pimlico,20120104,14,53741,1046
186,1167,-0.17581,51.517335,S Wharf Rd,W2  1BL,South Wharf Road,Paddington,20120104,16,84308,1218
187,1172,-0.178433,51.492479,100 Queen's Gate,SW7 5AG,Queen's Gate (South),South Kensington,20120104,25,52334,1496
188,1112,-0.164393,51.516517,Regent House,W1H 5YN,Nutford Place,Marylebone,20120104,18,51192,1612
189,1104,-0.109914,51.531666,69A Pentonville Rd,N1  9PR,Claremont Square,Angel,20120104,18,42079,1137
190,1106,-0.132845,51.489975,4 Rampayne St,SW1V2TB,Rampayne Street,Pimlico,20120104,21,67534,1083
191,1075,-0.15352,51.503117,S Carriage Dr,SW1X7TA,Hyde Park Corner,Hyde Park,20120104,28,365228,2747
192,1163,-0.133201,51.512515,54-56 Wardour St,W1D 4JF,Wardour Street,Soho,20120104,16,121742,1398
193,963,-0.100186,51.505817,106 Southwark St,SE1 0SU,Bankside Mix,Bankside,20120104,60,170628,1097
194,960,-0.091773,51.504627,11 Southwark St,SE1 1TU,Hop Exchange,Borough,20120104,49,240655,1167
195,959,-0.106237,51.507244,22 Stamford St,SE1 9LA,Milroy Walk,South Bank,20120104,30,85384,1020
196,961,-0.098497,51.503688,169 Union St,SE1 0LL,Union Street,Borough,20120104,17,54897,940
197,962,-0.111606,51.505569,127 Stamford St,SE1 9NQ,Stamford Street,South Bank,20120104,27,78602,972
199,1080,-0.082989,51.510484,Plantation Place South,EC3M1HD,Great Tower Street,Monument,20120104,24,123776,1134
200,1105,-0.066078,51.514924,64 Commercial Rd,E1  1LA,LMU Commercial Road,Whitechapel,20120104,14,65962,1109
201,1162,-0.161113,51.522596,33 Dorset Square,NW1 6QJ,Dorset Square,Marylebone,20120104,16,74476,1278
202,1102,-0.069542,51.512363,64-100 A1202,E1  8AJ,Leman Street,Aldgate,20120104,37,115532,950
203,1040,-0.100791,51.518218,57A W Smithfield,EC1A9DS,West Smithfield Rotunda,Farringdon,20120104,15,119986,817
204,3468,-0.112432,51.526599,3 Margery St,WC1X0HR,Margery Street,Clerkenwell,20120104,19,51327,887
205,,-0.06377,51.518264,179-183 Whitechapel Rd,E1  1JE,Whitechapel Road,Whitechapel,20120104,0,37000,1138
206,1171,-0.062697,51.518154,127 New Rd,E1  1HJ,New Road,Whitechapel,20120104,36,49786,1143
207,1169,-0.153194,51.501352,9-14 Grosvenor Cres,SW1X7EE,Grosvenor Crescent,Belgravia,20120104,18,30635,1536
208,1175,-0.166304,51.525051,4 Mallory St,NW8 8UP,Mallory Street,Marylebone,20120104,20,26141,995
209,3454,-0.165101,51.493583,146 Denyer St,SW3 2NX,Denyer Street,Knightsbridge,20120104,30,31081,1091
210,3476,-0.151926,51.516814,8 Hinde St,W1U 3AB,Hinde Street,Marylebone,20120104,21,85188,1134
211,3469,-0.158105,51.494645,89 Cadogan Place S.W 1,SW1X9BS,Cadogan Place,Knightsbridge,20120104,34,34570,1582
212,3487,-0.199004,51.506584,118 Campden Hill Rd,W8  7JF,Campden Hill Road,Notting Hill,20120104,17,23730,1393
213,1109,-0.149569,51.50274,Constitution Hill,W1J 7NS,Wellington Arch,Hyde Park,20120104,36,169327,2290
214,1079,-0.130504,51.526838,Endsleigh Gardens,WC1H0HT,Endsleigh Gardens,Euston,20120104,32,100359,1044
215,1092,-0.088285,51.519069,44 Moorfields,EC2M6XQ,Moorfields,Moorgate,20120104,54,124233,880
216,3479,-0.18119,51.490945,125 Old Brompton Rd,SW7 3RP,Old Brompton Road,South Kensington,20120104,30,60093,1287
217,2587,-0.082422,51.516154,99 Bishopsgate,EC2M3XF,Wormwood Street,Liverpool Street,20120104,16,225411,993
218,3486,-0.170194,51.489716,68 Sydney St,SW3 6NP,St. Luke's Church,Chelsea,20120104,20,39066,1490
219,1183,-0.190393,51.490163,Park House,SW5 9AQ,Bramham Gardens,Earl's Court,20120104,29,60850,1400
220,1179,-0.166485,51.490664,Oatwell House,SW3 3QZ,Chelsea Green,Chelsea,20120104,27,35475,1279
221,1170,-0.130458,51.494816,35 Horseferry Rd,SW1P2AD,Horseferry Road,Westminster,20120104,16,62699,1013
222,1101,-0.155349,51.502757,25 Knightsbridge,SW1X7NL,Knightsbridge,Hyde Park,20120104,43,69158,2539
223,3481,-0.09022,51.491484,91 Rodney Rd,SE171RA,Rodney Road,Walworth,20120104,24,48345,1337
224,1150,-0.188129,51.514769,151 Queensway,W2  6GD,Whiteley's,Bayswater,20120104,16,70904,1751
225,1182,-0.196422,51.509353,4 Pembridge Gardens,W2  4EE,Notting Hill Gate Station,Notting Hill,20120104,30,107810,1349
226,3488,-0.131961,51.508446,71 Charles II St,SW1Y4RW,Charles II Street,West End,20120104,24,56170,1549
227,3470,-0.11548,51.528915,8 Great Percy St,WC1X9QW,Great Percy Street,Clerkenwell,20120104,23,60368,1089
228,1067,-0.134621,51.507424,33 St James's Square,SW1Y4JS,St. James's Square,St. James's,20120104,40,110892,1320
229,1151,-0.123179,51.506543,Northumberland Ave,WC2N5DG,Whitehall Place,Strand,20120104,24,121502,1715
230,1144,-0.103137,51.506692,144 Southwark St,SE1 0UP,Poured Lines,Bankside,20120104,31,83482,1125
231,1089,-0.178732,51.493967,87 Queen's Gate,SW7 5LJ,Queen's Gate (Central),South Kensington,20120104,31,42630,1363
232,1139,-0.112753,51.51501,58 Carey St,WC2A2JF,Carey Street,Holborn,20120104,16,28297,942
233,1153,-0.130699,51.50777,1 Pall Mall E,SW1Y5AU,Pall Mall East,West End,20120104,22,106744,1864
234,1081,-0.106992,51.534504,32-50 Liverpool Rd,N1  0PY,Liverpool Road (N1 Centre),Angel,20120104,24,126897,1275
235,1154,-0.110889,51.495718,82 Kennington Rd,SE116LS,Kennington Road,Vauxhall,20120104,36,57038,1139
236,3483,-0.073438,51.51838,29 Fashion St,E1  6PX,Fashion Street,Whitechapel,20120104,30,55943,1186
237,3467,-0.068161,51.509786,Vaughan Way,E1  8NA,Vaughan Way,Wapping,20120104,30,82355,986
238,1099,-0.175116,51.523353,405 Edgware Rd,W2  1NG,Frampton Street,Paddington,20120104,32,29638,1630
239,1090,-0.138019,51.524438,5 Warren St,W1T 5BA,Warren Street Station,Euston,20120104,25,115905,972
240,3472,-0.105692,51.505459,45 Colombo St,SE1 8EE,Colombo Street,Southwark,20120104,14,40525,822
242,3482,-0.151359,51.522008,29-30 Beaumont St,W1U 5RB,Beaumont Street,Marylebone,20120104,23,61098,1105
243,1103,-0.139625,51.490962,52 Belgrave Rd,SW1V2AP,Gloucester Street,Pimlico,20120104,25,65752,1294
244,1145,-0.128585,51.516118,2-4 Bucknall St,WC2H8LA,Earnshaw Street,Covent Garden,20120104,18,71694,1138
245,1140,-0.142207,51.485357,110 Grosvenor Rd,SW1V3AE,Grosvenor Road,Pimlico,20120104,29,35458,1654
246,1159,-0.099994,51.522853,John Vane Science Centre,EC1M5PF,Berry Street,Clerkenwell,20120104,41,127408,951
247,1091,-0.168314,51.530052,Lodge Grill,NW8 7HT,St. John's Wood Church,Regent's Park,20120104,50,40692,1833
248,1088,-0.170279,51.506451,Serpentine Rd,W2  2UH,Triangle Car Park,Hyde Park,20120104,27,145147,2255
249,1137,-0.096191,51.498597,23 Harper Rd,SE1 6AW,Harper Road,Borough,20120104,42,28967,1022
250,3440,-0.162727,51.489932,49 King's Rd,SW3 4ND,Royal Avenue 1,Chelsea,20120104,10,38742,1693
251,1161,-0.079249,51.518908,4 Brushfield St,EC2M4QH,Brushfield Street,Liverpool Street,20120104,34,190948,1167
252,1111,-0.116542,51.504636,337-338 Belvedere Rd,SE1 7NA,Jubilee Gardens,South Bank,20120104,30,110786,1643
253,1051,-0.086379,51.534042,19-21 Bridport Pl,N1  5DX,Shoreditch Park,Hoxton,20120104,30,84339,1186
254,3471,-0.106408,51.530515,5 Chadwell St,EC1R1XD,Chadwell Street,Angel,20120104,18,78386,982
255,1147,-0.179592,51.525575,22 Clifton Rd,W9  1SX,Clifton Road,Maida Vale,20120104,22,57778,1513
256,3484,-0.116764,51.51362,5 Houghton St,WC2A2AD,Houghton Street,Strand,20120104,15,39951,1088
257,1194,-0.154907,51.522481,35 Marylebone Rd,W1U 5UW,Westminster University,Marylebone,20120104,16,51802,1602
258,1193,-0.178656,51.501432,Darwin Building,SW7 2EU,Kensington Gore,Knightsbridge,20120104,23,40265,1705
259,,-0.123227,51.504893,140 Victoria Embankment,SW1A2HU,Embankment (Horse Guards),Westminster,20120104,0,57121,1719
260,3489,-0.13558,51.513684,Hat Trick Productions Ltd,W1F 8HT,Broadwick Street,Soho,20120104,18,66245,1288
261,3491,-0.191351,51.513489,33-36 Prince's Square,W2  4PT,Princes Square,Bayswater,20120104,15,33049,1699
262,1095,-0.103132,51.498744,12 Borough Rd,SE1 0AN,LSBU (Borough Road),Elephant & Castle,20120104,35,31712,1280
263,1184,-0.08066,51.514225,30 St Mary Axe,EC3A8EQ,St. Mary Axe,Aldgate,20120104,21,66171,1086
264,1146,-0.109256,51.526443,69-91 Rosebery Ave,EC1R4RR,Tysoe Street,Clerkenwell,20120104,20,95007,994
265,3490,-0.169249,51.515953,3 Southwick St,W2  2PR,Southwick Street,Paddington,20120104,17,48644,1236
266,1204,-0.180246,51.501026,1A Queen's Gate,SW7 5XE,Queen's Gate (North),Kensington,20120104,41,45084,1556
267,1155,-0.132224,51.49206,42 Regency St,SW1P4AD,Regency Street,Westminster,20120104,22,48667,1047
268,1087,-0.144132,51.493204,89 Eccleston Square,SW1V1PN,Belgrave Road,Victoria,20120104,29,91964,1177
269,1209,-0.08974,51.500823,17 Empire Square E,SE1 3YB,Empire Square,Borough,20120104,46,75252,1041
270,1190,-0.122492,51.486343,1 A3036,SW8 2LG,Kennington Lane Rail Bridge,Vauxhall,20120104,31,125805,1085
271,1136,-0.156285,51.535836,26 Outer Cir,NW1 4RY,London Zoo,Regent's Park,20120104,32,40729,1898
272,1133,-0.110699,51.501444,25 Baylis Rd,SE1 7AY,Baylis Road,Waterloo,20120104,22,112087,984
273,1186,-0.114686,51.506133,Hayward Gallery,SE1 8XZ,Belvedere Road,South Bank,20120104,38,107705,1421
274,1134,-0.205284,51.496712,373 Kensington High St,W14 8QZ,Warwick Road,Olympia,20120104,36,53233,1511
275,1191,-0.092176,51.520044,153 Silk St,EC2Y8DX,Barbican Centre,Barbican,20120104,19,52738,1017
276,1098,-0.084985,51.509301,10 Lower Thames St,EC3R6AD,Lower Thames Street,Monument,20120104,24,41043,1478
277,1143,-0.191496,51.503157,28 Kensington Church St,W8  4LF,Kensington Church Street,Kensington,20120104,17,84912,1301
278,1142,-0.07962,51.503493,188 Tooley St,SE1 2UD,Tooley Street,Bermondsey,20120104,17,154251,1432
279,1108,-0.176645,51.518622,55 N Wharf Rd,W2  1AF,North Wharf Road,Paddington,20120104,25,48070,1232
280,3462,-0.162418,51.490083,43-47 King's Rd,SW3 4TX,Royal Avenue 2,Chelsea,20120104,10,37328,1740
281,3480,-0.127575,51.495805,34 Smith Square,SW1P3AF,Smith Square,Westminster,20120104,18,53451,1050
282,1077,-0.059642,51.519064,271-273 Whitechapel Rd,E1  1BA,Royal London Hospital,Whitechapel,20120104,36,98923,1014
283,,-0.118442,51.51443,37 Kingsway,WC2B6TP,Kingsway,Covent Garden,20120104,0,19090,1090
284,1117,-0.112031,51.49914,Halifax Estate Agents,SE1 7XG,Lambeth North Station,Waterloo,20120104,20,49188,1062
285,,-0.143838,51.498006,29 Bressenden Place,SW1W0EJ,Royal Mews,Victoria,20120104,0,18900,1711
286,1187,-0.174653,51.527294,43 St John's Wood Rd,NW8 8UF,St. John's Wood Road,St. John's Wood,20120104,35,42142,1154
287,1156,-0.128377,51.523673,Dept of Geography,WC1H0AP,Bedford Way,Bloomsbury,20120104,23,54392,1070
288,1138,-0.147478,51.492369,2 Elizabeth Bridge,SW1W9TN,Elizabeth Bridge,Victoria,20120104,34,79983,1445
289,3493,-0.151296,51.50923,25 S Audley St,W1K 2PD,South Audley Street,Mayfair,20120104,15,26747,1265
290,3496,-0.175488,51.51678,8 Winsland St,W2  1DJ,Winsland Street,Paddington,20120104,15,104577,1363
291,1135,-0.138089,51.484839,128 Grosvenor Rd,SW1V3BQ,Claverton Street,Pimlico,20120104,32,34398,1679
292,1206,-0.165471,51.498884,2A Montpelier St,SW7 1EZ,Montpelier Street,Knightsbridge,20120104,16,74256,1583
293,1214,-0.209494,51.498157,27 Russell Rd,W14 8HU,Kensington Olympia Station,Olympia,20120104,25,36737,1312
294,1195,-0.135635,51.488226,30 St.George's Square,SW1V2HP,St. George's Square,Pimlico,20120104,16,68965,1103
295,1216,-0.092762,51.500296,2 Swan St,SE1 1BA,Swan Street,Borough,20120104,27,63004,981
296,200069,-0.190603,51.493631,8 Knaresborough Pl,SW5 0TJ,Knaresborough Place,Earl's Court,20120104,18,39694,1220
297,3498,-0.106,51.496127,Geraldine St,SE1 6EU,Geraldine Street,Elephant & Castle,20120104,17,19008,1017
298,1213,-0.074189,51.502279,29-32 Curlew St,SE1 2ND,Curlew Street,Shad Thames,20120104,21,95759,1273
299,1196,-0.136928,51.493985,63 Rochester Row,SW1P2NU,Vincent Square,Westminster,20120104,19,30989,1230
300,1217,-0.172729,51.505013,The Flower Walk,W2  3XA,Serpentine Car Park,Hyde Park,20120104,16,122728,1883
301,1152,-0.148105,51.514759,The Woodstock,W1C 1JH,Marylebone Lane,Marylebone,20120104,24,76637,1287
302,3492,-0.216573,51.466907,Lockyer House,SW151EP,Putney Pier,Wandsworth,20120104,28,9611,1169
303,1132,-0.158456,51.502953,S Carriage Dr,SW1X7JT,Albert Gate,Hyde Park,20120104,28,255784,2310
304,1149,-0.162097,51.512118,10 N Carriage Dr,W2  2ET,Cumberland Gate,Hyde Park,20120104,20,109902,2731
305,1168,-0.115853,51.486779,283-287 Kennington Ln,SE115RG,Kennington Lane Tesco,Vauxhall,20120104,15,34449,876
306,3497,-0.135025,51.518162,10 Rathbone St,W1T 1NT,Rathbone Street,Fitzrovia,20120104,16,45868,973
307,1157,-0.187842,51.509908,Broad Walk,W2  4RU,Black Lion Gate,Kensington Gardens,20120104,24,276383,2968
308,1189,-0.085666,51.499075,182-190 Long Ln,SE1 4PZ,Long Lane,Bermondsey,20120104,20,51705,1006
309,1192,-0.119047,51.509631,Victoria Embankment,WC2R0BL,Embankment (Savoy),Strand,20120104,41,42244,1807
310,1205,-0.116911,51.490867,7 Black Prince Rd,SE116JH,Black Prince Road,Vauxhall,20120104,19,39513,994
311,3494,-0.140485,51.519181,29-30 Foley St,W1W 7TJ,Foley Street,Fitzrovia,20120104,24,77360,966
312,1130,-0.17677,51.530889,23 Grove End Rd,NW8 9BN,Grove End Road,St. John's Wood,20120104,20,46345,1532
313,3495,-0.138072,51.517344,Linton House,W1T 3QB,Wells Street,Fitzrovia,20120104,38,82922,1093
314,3485,-0.083159,51.500889,8 Tyers Gate,SE1 3JG,Tyers Gate,Bermondsey,20120104,36,57750,1146
315,1199,-0.153463,51.525367,York Bridge,NW1 4NS,The Tennis Courts,Regent's Park,20120104,16,54549,1821
316,968,-0.141943,51.497684,9-11 Bressenden Pl,SW1E5BH,Cardinal Place,Victoria,20120104,24,95123,1299
317,1208,-0.093913,51.496791,24 Harper Rd,SE1 6RP,Dickens Square,Borough,20120104,32,26777,1009
318,1197,-0.138846,51.510048,23 Sackville St,W1S 3EJ,Sackville Street,Mayfair,20120104,18,58519,1377
319,3500,-0.088542,51.527025,1 Baldwin St,EC1V2NL,Baldwin Street,St. Luke's,20120104,21,58150,931
320,1148,-0.139956,51.493573,215 Vauxhall Bridge Rd,SW1V1TB,Queen Mother Sports Centre,Victoria,20120104,26,80631,1193
321,2637,-0.081608,51.497855,222-244 Bermondsey St,SE1 3UL,Bermondsey Street,Bermondsey,20120104,24,105878,1099
322,3502,-0.073955,51.526293,Rochelle School,E2  7LA,Palissy Street,Shoreditch,20120104,26,35716,1154
323,3501,-0.083067,51.523196,80 Clifton St,EC2A4RJ,Clifton Street,Shoreditch,20120104,24,37591,830
324,1200,-0.101384,51.49652,Ontario St,SE1 6LN,Ontario Street,Elephant & Castle,20120104,15,56531,1129
325,1158,-0.129697,51.509087,London WC2H,WC2H7HG,St. Martin's Street,West End,20120104,18,43887,1494
326,1131,-0.099981,51.532661,242 Graham St,N1  8LB,Graham Street,Angel,20120104,26,92159,1168
327,1128,-0.085603,51.53095,43-55 New N Rd,N1  6JE,New North Road 1,Hoxton,20120104,22,19406,1358
328,2641,-0.086016,51.53114,47 New N Rd,N1  6TL,New North Road 2,Hoxton,20120104,22,32927,1023
329,2636,-0.160854,51.535892,34 Prince Albert Rd,NW8 7LX,Prince Albert Road,Regent's Park,20120104,24,56344,1587
330,1203,-0.179135,51.516417,20 Eastbourne Terrace,W2  6LQ,Eastbourne Mews,Paddington,20120104,34,62244,1211
331,1211,-0.089887,51.520858,20 Bunhill Row,EC1Y4YX,Bunhill Row,Moorgate,20120104,30,95684,819
332,1210,-0.194757,51.493343,4 Nevern Pl,SW5 9RH,Nevern Place,Earl's Court,20120104,20,38845,1591
333,2633,-0.193764,51.508605,108 B405,W8  4DY,Palace Gardens Terrace,Notting Hill,20120104,37,67481,1355
334,2635,-0.115851,51.505044,153 Concert Hall Approach,SE1 8XU,Concert Hall Approach 1,South Bank,20120104,10,55519,1556
335,1207,-0.120718,51.511968,33 Wellington St,WC2E7DT,Tavistock Street,Covent Garden,20120104,33,101208,1246
336,1212,-0.115533,51.504942,153 Concert Hall Approach,SE1 8YL,Concert Hall Approach 2,South Bank,20120104,18,50954,1442
337,2589,-0.197524,51.511084,59 Pembridge Rd,W11 3ES,Pembridge Villas,Notting Hill,20120104,16,41756,1759
338,1202,-0.119643,51.511756,21 Wellington St,WC2B4BZ,Wellington Street,Strand,20120104,15,108878,1177
339,1127,-0.111781,51.533319,1 Risinghill St,N1  9UL,Risinghill Street,Angel,20120104,25,40426,1131
340,1201,-0.087587,51.514441,1 Bartholomew Ln,EC2N2AX,Bank of England Museum,Bank,20120104,16,102023,921
341,1160,-0.126021,51.508103,42 Craven St,WC2N5RJ,Craven Street,Strand,20120104,23,171645,1370
343,1188,-0.150181,51.536922,9 Prince Albert Rd,NW1 7SR,London Zoo Car Park,Regent's Park,20120104,36,57742,1752
344,1222,-0.101026,51.528246,189 Goswell Rd,EC1V7EB,Goswell Road (City Uni),Finsbury,20120104,17,49173,881
345,1218,-0.166878,51.488023,17 Flood St,SW3 5SP,Flood Street,Chelsea,20120104,33,77559,1377
347,1219,-0.113936,51.500139,1 Lower Marsh,SE1 7NT,Lower Marsh,Waterloo,20120104,17,60906,1105
348,10627,-0.150481,51.51217,7 Grosvenor Square,W1K 4AG,Grosvenor Square,Mayfair,20120104,17,54389,1415
349,1221,-0.142783,51.51196,Levlla House,W1S 2FN,St. George Street,Mayfair,20120104,18,46841,1316
350,1231,-0.179854,51.501715,S Carriage Dr,SW7 2ET,Queen's Gate,Kensington Gardens,20120104,21,111157,2185
351,1226,-0.097122,51.529423,1 Macclesfield Rd,EC1V8AE,Macclesfield Rd,St. Luke's,20120104,28,52882,1011
352,1224,-0.116625,51.486965,145-147 Vauxhall St,SE115RG,Vauxhall Street,Vauxhall,20120104,19,20637,1175
353,10623,-0.134234,51.494591,2 Elverton St,SW1P2PB,Greycoat Street,Westminster,20120104,17,28375,1095
354,1097,-0.123702,51.506767,10 Northumberland Ave,WC2N5DE,Northumberland Avenue,Strand,20120104,37,74705,1850
355,2694,-0.117286,51.486575,17-19 Oval Way,SE115RQ,Oval Way,Vauxhall,20120104,21,15091,1198
356,2685,-0.173881,51.494412,32 Thurloe St,SW7 2LT,South Kensington Station,South Kensington,20120104,15,141633,1403
357,2691,-0.139016,51.520994,BT Tower,W1T 4JZ,Howland Street,Fitzrovia,20120104,30,77189,987
358,1229,-0.124332,51.516434,184 High Holborn,WC1V7QX,High Holborn,Covent Garden,20120104,17,56041,1135
359,2662,-0.13544,51.497829,Windsor House,SW1H0NP,Butler Place,Westminster,20120104,18,58603,1251
360,2666,-0.138733,51.496753,7 Howick Pl,SW1E6RD,Howick Place,Westminster,20120104,27,80471,1088
361,2692,-0.113426,51.503919,Hole in the Wall,SE1 8SQ,Waterloo Station 2,Waterloo,20120104,55,110748,1122
362,2686,-0.133952,51.536264,5 Royal College St,NW1 0RY,Royal College Street,Camden Town,20120104,57,55539,1083
363,2665,-0.171185,51.529121,34 St John's Wood Rd,NW8 7HG,Lord's,St. John's Wood,20120104,24,15792,1426
364,3507,-0.132339,51.519656,37 Alfred Pl,WC1E7DU,Alfred Place,Bloomsbury,20120104,41,74591,973
365,2690,-0.100168,51.530344,315 City Rd,N1  8DH,City Road,Angel,20120104,47,64145,1108
366,1230,-0.151126,51.510919,45 Grosvenor Square,W1K 2HP,Millennium Hotel,Mayfair,20120104,27,36669,1479
367,2680,-0.164207,51.517372,47 Harrowby St,W1H 5EA,Harrowby Street,Marylebone,20120104,16,38027,1263
368,2681,-0.15934,51.500241,7 Harriet St,SW1X9JW,Harriet Street,Knightsbridge,20120104,25,56449,1536
369,,-0.107471,51.511113,Milford Lane,EC4Y0DS,Victoria Embankment,Temple,20120104,0,33559,1233
370,2670,-0.174593,51.520205,Winicotte House,W2  1NB,Paddington Green,Paddington,20120104,20,16253,1355
371,2639,-0.10988,51.49775,15 King Edward Walk,SE1 7HT,King Edward Walk,Waterloo,20120104,22,18161,1055
372,2649,-0.117863,51.515208,Sardinia St,WC2A3NA,Sardinia Street,Holborn,20120104,24,61441,1062
373,3499,-0.176415,51.499806,39 Prince Consort Rd,SW7 2BP,Prince Consort Road,Knightsbridge,20120104,18,49017,1094
374,2696,-0.113864,51.504027,Waterloo Station,SE1 8FS,Waterloo Station 1,Waterloo,20120104,36,210289,1036
375,10632,-0.194392,51.501945,26 Hornton St,W8  9SY,Kensington Town Hall,Kensington,20120104,18,24123,1386
376,2683,-0.125674,51.491884,12 Millbank,SW1P4QP,Millbank Tower,Pimlico,20120104,24,59460,1380
377,2648,-0.113656,51.505354,London City College,SE1 8TX,Waterloo Bridge,South Bank,20120104,15,47887,1324
378,2677,-0.179077,51.495592,64 Queen's Gate,SW7 5JS,Natural History Museum,South Kensington,20120104,42,64729,1462
379,2682,-0.200838,51.514311,222 Westbourne Grove,W11 2SE,Turquoise Island,Notting Hill,20120104,21,77130,1717
380,3506,-0.150666,51.506864,2 S Audley St,W1K 1LN,Stanhope Gate,Mayfair,20120104,21,36142,1301
381,2669,-0.135777,51.51953,44-46 Charlotte St,W1T 2NR,Charlotte Street,Fitzrovia,20120104,14,62691,1035
382,2678,-0.147449,51.509351,6 Farm St,W1J 5ND,Farm Street,Mayfair,20120104,15,26802,1198
383,2660,-0.131213,51.513103,25 Old Compton St,W1D 5JW,Frith Street,Soho,20120104,18,73940,1423
384,3505,-0.192404,51.496481,33 Marloes Rd,W8  6LG,Marloes Road,Kensington,20120104,15,23290,1301
386,3504,-0.13011,51.513527,12 Moor St,W1D 5NG,Moor Street,Soho,20120104,16,122022,1260
387,2703,-0.121394,51.493699,4 Albert Embankment,SE1 7SL,Fire Brigade Pier,Vauxhall,20120104,30,73569,1302
388,1228,-0.121723,51.510701,1-2 Southampton St,WC2R0LS,Southampton Street,Strand,20120104,14,91668,1338
389,10621,-0.155757,51.51013,23 Upper Grosvenor St,W1K 7PE,Upper Grosvenor Street,Mayfair,20120104,18,19391,1922
390,1223,-0.068856,51.521776,37 Buxton St,E1  5EH,Buxton Street 1,Shoreditch,20120104,41,32101,1219
391,2688,-0.142345,51.510662,12 Clifford St,W1S 4JY,Clifford Street,Mayfair,20120104,27,41143,1212
392,1220,-0.179702,51.499428,21 Queen's Gate,SW7 2BW,Imperial College,Knightsbridge,20120104,21,83859,1066
393,2699,-0.103604,51.517334,10 Snow Hill,EC1A2AL,Snow Hill,Farringdon,20120104,15,72725,804
394,2698,-0.176268,51.524826,1D Aberdeen Pl,NW8 8JN,Aberdeen Place,St. John's Wood,20120104,18,31292,1438
395,2695,-0.159919,51.492462,49 Cadogan Gardens,SW3 2TH,Cadogan Gardens,Chelsea,20120105,15,67119,1263
396,2693,-0.163609,51.51809,19 Shouldham St,W1H 5FE,Shouldham Street,Marylebone,20120105,16,50682,982
397,1227,-0.17977,51.51348,1A Devonshire Terrace,W2  3DR,Devonshire Terrace,Bayswater,20120105,16,70700,1356
398,10631,-0.200742,51.502319,48 Phillimore Gardens,W8  7QT,Holland Park,Kensington,20120105,30,28202,1809
399,2687,-0.071653,51.522617,111-113 Brick Ln,E1  6SE,Brick Lane Market,Shoreditch,20120105,24,81084,1596
400,1225,-0.154106,51.517703,38 George St,W1U 7DS,George Street,Marylebone,20120105,27,61970,1088
401,2701,-0.075375,51.528187,10 Columbia Rd,E2  7NP,Columbia Road,Shoreditch,20120105,24,72689,1126
402,10625,-0.171681,51.522892,49-55 Penfold St,NW8 8PW,Penfold Street,Marylebone,20120105,15,24747,1044
403,10630,-0.158249,51.516892,8 Portman Towers,W1H 7HN,George Place Mews,Marylebone,20120105,16,46570,1113
404,1110,-0.1844,51.502042,Broad Walk,SW7 5BB,Palace Gate,Kensington Gardens,20120105,13,159277,2330
405,1107,-0.18267,51.494185,Gloucester Road Station,SW7 4QH,Gloucester Road Station,South Kensington,20120105,15,96382,1228
406,10633,-0.160785,51.51222,10 N Carriage Dr,W2  2ET,Speakers' Corner 2,Hyde Park,20120105,25,160638,3435
407,977,-0.159988,51.512303,Cumberland Gate,W1H 7EL,Speakers' Corner 1,Hyde Park,20120105,20,188344,3230
408,1129,-0.170704,51.519943,Balmoral Apartments,W2  1DX,Paddington Green Police Station,Paddington,20120105,40,26595,1602
409,10624,-0.099828,51.493146,The Pavilion,SE1 6EB,Strata,Elephant & Castle,20120105,41,35879,1381
410,1058,-0.169774,51.519968,A40,W2  1DX,Edgware Road Station,Marylebone,20120105,63,67412,1530
411,10629,-0.09968,51.493372,Strata SE1,SE1 6EL,Walworth Road,Elephant & Castle,20120105,33,62513,1662
412,10628,-0.110121,51.488105,28 Cleaver St,SE114DR,Cleaver Street,Kennington,20120105,17,27709,1064
419,22160,-0.149004,51.485821,123A Grosvenor Rd,SW1W8QL,Chelsea Bridge,Pimlico,20120105,15,62232,1415
420,22162,-0.105312,51.504043,95 Joan St,SE1 8BS,Southwark Station 1,Southwark,20120105,37,49718,936
421,22163,-0.104778,51.504044,197 Blackfriars Rd,SE1 8NJ,Southwark Station 2,Southwark,20120105,45,72673,1071
423,22164,-0.153933,51.494561,67 Eaton Square,SW1W9AR,Eaton Square (South),Belgravia,20120105,31,27480,1616
424,22159,-0.149186,51.490491,12 Ebury Bridge,SW1W8SL,Ebury Bridge,Pimlico,20120105,29,47801,1268
425,22181,-0.139159,51.533379,A400,NW1 7DF,Harrington Square 2,Camden Town,20120105,38,54621,1269
426,22161,-0.129925,51.493072,12 Vincent St,SW1P4HB,Vincent Street,Pimlico,20120105,17,43379,904
427,22180,-0.09294,51.51397,99 Cheapside,EC2V8BT,Cheapside,Bank,20120105,43,135835,1014
428,22179,-0.174554,51.499917,46 Exhibition Rd,SW7 2BX,Exhibition Road,Knightsbridge,20120105,20,131665,1410
430,22182,-0.17524,51.48902,S Parade,SW3 6EH,South Parade,Chelsea,20120105,18,24826,1416
431,22183,-0.122203,51.534474,17 Crinan St,N1  9SQ,Crinan Street,King's Cross,20120105,20,56584,1451
432,22158,-0.173894,51.496957,72 Exhibition Rd,SW7 2PA,Exhibition Road Museums,South Kensington,20120105,22,92827,1840
433,22169,-0.116279,51.524564,139 Gray's Inn Rd,WC1X8JR,Wren Street,Holborn,20120105,33,84552,887
435,22170,-0.105593,51.488852,60 Kennington Park Rd,SE114RE,Kennington Station,Kennington,20120109,23,36767,1317
436,22171,-0.11655,51.51824,75 Red Lion St,WC1V6TP,Red Lion Street,Holborn,20120109,36,105923,909
437,200056,-0.120903,51.488124,139 Vauxhall Walk,SE115HL,Vauxhall Walk,Vauxhall,20120109,27,28886,1287
439,200053,-0.118677,51.5338,75 Killick St,N1  9RY,Killick Street,King's Cross,20120109,22,35335,1237
440,200032,-0.113134,51.483145,34 Kennington Oval,SE115TB,Kennington Oval,Oval,20120109,33,58411,1380
441,200039,-0.114605,51.495656,A3203,SE116NB,Sail Street,Vauxhall,20120109,24,27231,1114
442,200035,-0.211358,51.510101,8 Walmer Rd,W11 4SF,Walmer Road,Avondale,20120109,24,29209,1539
443,200033,-0.058641,51.515256,18 Philpot St,E1  2DT,Philpot Street,Whitechapel,20120109,30,49208,1058
444,200047,-0.055312,51.52568,249-253 Cambridge Heath Rd,E2  6FH,Bethnal Green Garden,Bethnal Green,20120109,24,48366,1405
445,200003,-0.065076,51.52388,24 Dunbridge St,E2  6JA,Cheshire Street,Bethnal Green,20120109,27,48185,971
446,200042,-0.055894,51.528936,319 Cambridge Heath Rd,E2  9LH,York Hall,Bethnal Green,20120111,27,72699,1501
447,200054,-0.007542,51.493381,329-343 A1206,E14 3HN,Jubilee Crescent,Cubitt Town,20120111,54,23210,1241
448,22165,-0.02296,51.50623,North Dock footbridge,E14 4QJ,Fisherman's Walk West,Canary Wharf,20120111,36,62902,1535
449,200020,-0.057159,51.511088,132 Cable St,E1  0DE,Shadwell Station,Shadwell,20120111,35,64057,1138
450,200002,-0.053177,51.515975,60 Jubilee St,E1  3EG,Jubilee Street,Stepney,20120111,28,50706,1006
451,200021,-0.063531,51.504719,2 Vaughan Way,E1W 1NA,Hermitage Court,Wapping,20120111,16,33147,843
452,200049,-0.070542,51.505697,67 St Katharine's Way,E1W 1UQ,St. Katharine's Way,Tower,20120111,24,52237,1503
453,200045,-0.055167,51.508447,32 Garnet St,E1W 3RY,Garnet Street,Shadwell,20120112,24,47296,1147
454,200046,-0.021582,51.487679,16 Napier Ave,E14 3QE,Napier Avenue,Millwall,20120114,20,27592,1469
455,200031,-0.014409,51.49447,151 E Ferry Rd,E14 9GL,East Ferry Road,Cubitt Town,20120114,17,21831,1609
456,200118,-0.144664,51.538071,54A Parkway,NW1 7AH,Parkway,Camden Town,20120114,33,50604,1897
457,200016,-0.145393,51.542138,2 Leybourne St,NW1 8QX,Castlehaven Road,Camden Town,20120114,29,81421,2174
458,200034,-0.057544,51.504749,78-80 Wapping Ln,E1W 2RT,Wapping Lane,Wapping,20120114,28,62110,1146
459,200014,-0.03338,51.535179,458 Old Ford Rd,E3  5PS,Gunmakers Lane,Old Ford,20120114,17,47733,1961
460,200123,-0.029138,51.516196,253-275 Burdett Rd,E14 7ER,Burdett Road,Mile End,20120114,33,38383,1426
461,200013,-0.038775,51.516,40 Aston St,E14 7NG,Aston Street,Stepney,20120114,26,29283,1256
462,200105,-0.138853,51.541603,14 Bonny St,NW1 9LS,Bonny Street,Camden Town,20120114,45,74048,1640
463,200093,-0.071881,51.534776,Thurtle Rd,E2  8LU,Thurtle Road,Haggerston,20120114,22,26336,1374
464,200082,-0.052099,51.51417,385-397 Commercial Rd,E1  0PW,St. Mary & St. Michael Church,Stepney,20120114,25,18798,1257
465,200152,-0.08249,51.53558,40 Hyde Rd,N1  5PX,Pitfield Street North,Hoxton,20120114,28,71606,1188
466,200158,-0.076341,51.534464,3 Whiston Rd,E2  8BW,Whiston Road,Haggerston,20120114,21,44697,1378
467,200168,-0.030556,51.523538,25 Southern Grove,E3  4PX,Southern Grove,Bow,20120114,17,25346,1139
468,200150,-0.022694,51.521564,110 Knapp Rd,E3  4EN,Cantrell Road,Bow,20120117,24,12133,1874
469,22178,-0.020467,51.513757,66 Lindfield St,E14 6GW,Lindfield Street,Poplar,20120117,44,25690,1346
470,200174,-0.025492,51.530535,18 Mostyn Grove,E3  2LS,Mostyn Grove,Bow,20120118,46,34944,1508
471,200006,-0.028155,51.533283,1 Hewison St,E3  2YH,Hewison Street,Old Ford,20120118,19,30427,1420
472,200019,-0.027616,51.529452,8 Malmesbury Rd,E3  2BY,Malmesbury Road,Bow,20120118,21,7366,1768
473,22167,-0.019355,51.496137,59 Millharbour,E14 8PP,Millharbour,Millwall,20120119,19,11443,1710
474,200155,-0.011457,51.498125,42-66 E Ferry Rd,E14 3LJ,Castalia Square,Cubitt Town,20120119,39,8119,1436
475,200004,-0.020157,51.499041,Lighterman's Rd,E14 9AN,Lightermans Road,Millwall,20120120,57,21735,2090
476,200009,-0.009205,51.489096,40 Stebondale St,E14 3ER,Stebondale Street,Cubitt Town,20120131,29,10603,2468
477,200018,-0.018716,51.49109,32 Spindrift Ave,E14 9UX,Spindrift Avenue,Millwall,20120131,36,28065,1731
478,200012,-0.04667,51.521889,270 Mile End Rd,E1  4DT,Stepney Green Station,Stepney,20120131,21,64445,1268
479,200156,-0.058005,51.527152,458 Bethnal Green Rd,E2  0EA,Pott Street,Bethnal Green,20120131,20,83953,1199
480,200115,-0.038986,51.512871,56372 Branch Rd,E14 7LP,Flamborough Street,Limehouse,20120131,25,75648,1494
481,200022,-0.009001,51.487129,Saunders Ness Rd,E14 3GR,Saunders Ness Road,Cubitt Town,20120131,35,43950,2517
482,200052,-0.02377,51.509843,Thornfield House,E14 8EW,Thornfield House,Poplar,20120131,26,5774,2032
483,22166,-0.047784,51.51328,420B Commercial Rd,E1  0HQ,Albert Gardens,Stepney,20120131,33,57521,1086
484,22172,-0.013258,51.528828,680 Blackwall Tunnel Northern Approach,E3  3BB,Bromley High Street,Bow,20120201,24,18883,2304
485,22173,-0.048017,51.531127,172A Old Ford Rd,E2  9JF,Old Ford Road,Bethnal Green,20120201,24,52581,1725
486,22174,-0.069543,51.525645,1 Granby St,E2  6DL,Granby Street,Shoreditch,20120201,37,86320,1279
487,22175,-0.025626,51.511811,7 Canton St,E14 6JW,Canton Street,Poplar,20120201,23,26591,1337
488,22176,-0.058681,51.506946,14 Wapping Ln,E1W 3AQ,Reardon Street,Wapping,20120201,22,43720,1002
489,22177,-0.064094,51.513074,101 Christian St,E1  1RU,Christian Street,Whitechapel,20120201,34,64174,954
490,200090,-0.065006,51.508622,Pennington St Warehouse,E1W 2AD,Pennington Street,Wapping,20120201,45,20881,1085
491,200249,-0.041378,51.522507,410 Mile End Rd,E1  4RG,Queen Marys,Mile End,20120201,45,61092,1291
492,200230,-0.03562,51.524677,552 A11,E3  4PL,The Green Bridge,Mile End,20120201,63,71994,1691
494,200233,-0.016251,51.50196,South Quay Walk,E14 5BF,South Quay East,Canary Wharf,20120201,36,4916,2585
495,200252,-0.018703,51.528169,118 Bow Rd,E3  3AH,Bow Church Station,Bow,20120201,39,44058,1989
496,200255,-0.015578,51.52512,20 Devons Rd,E3  3JA,Devons Road,Bow,20120201,39,24530,1728
497,200242,-0.027467,51.526177,3 Merchant St,E3  4LY,Coborn Street,Mile End,20120201,27,16514,1431
498,200251,-0.025296,51.527058,42 Bow Rd,E3  4DH,Bow Road Station,Bow,20120201,41,46566,1652
499,200011,-0.021345,51.519265,183-213 Devons Rd,E3  3RW,Furze Green,Bow,20120201,36,47323,1466
500,200148,-0.055731,51.519806,12-16 A11,E1  4UY,Sidney Street,Stepney,20120201,41,65691,1247
501,200073,-0.054883,51.522561,Cephas St,E1  4HH,Cephas Street,Bethnal Green,20120201,24,48404,1128
502,,-0.022698,51.502556,20 Bank St,E14 4AD,South Quay West,Canary Wharf,20120201,0,11762,1632
503,200250,-0.051394,51.520893,81 Mile End Rd,E1  4UH,Cleveland Way,Bethnal Green,20120201,36,46549,1148
504,200243,-0.009506,51.496454,32 Manchester Rd,E14 3JD,St. John's Park,Cubitt Town,20120201,30,11256,1690
505,200038,-0.026768,51.520398,15 Ackroyd Dr,E3  4JA,Ackroyd Drive,Bow,20120201,29,19228,1408
506,200036,-0.075855,51.517475,92 Bell Ln,E1  7LQ,Bell Lane,Liverpool Street,20120201,23,61978,1091
507,200131,-0.059091,51.528692,84 Clarkson St,E2  0BD,Clarkson Street,Bethnal Green,20120201,31,27165,1091
508,200157,-0.074431,51.519362,86 Commercial St,E1  6QG,Fournier Street,Whitechapel,20120201,18,75133,1294
509,200253,-0.090075,51.517842,Fore St Ave,EC2Y9DT,Fore Street,Guildhall,20120201,19,54446,807
510,200238,-0.025996,51.509303,160 Westferry Rd,E14 8SE,Westferry DLR,Limehouse,20120201,41,75832,1571
511,200256,-0.053558,51.511066,Sutton St,E1  0AX,Sutton Street,Shadwell,20120201,33,50216,1223
512,200083,-0.06142,51.532091,2 Pritchard's Rd,E2  6GE,Pritchard's Road,Bethnal Green,20120201,30,79226,1223
513,200162,-0.055656,51.514222,284-296 A13,E1  2HR,Watney Market,Stepney,20120202,51,48050,1172
514,200008,-0.155525,51.516204,15 Portman Square,W1H 6LQ,Portman Square,Marylebone,20120202,17,45910,1248
515,200080,-0.211316,51.500088,7 Russell Gardens,W14 8EZ,Russell Gardens,Olympia,20120202,24,22890,1268
516,200089,-0.014438,51.5112,173 E India Dock Rd,E14 0EB,Chrisp Street Market,Poplar,20120204,18,30670,1972
517,200027,-0.033085,51.532513,3 Ford Rd,E3  5NS,Ford Road,Old Ford,20120204,18,28474,1525
518,200041,-0.037471,51.528224,2 Antill Rd,E3  5BS,Antill Road,Mile End,20120204,30,34984,1662
519,200254,-0.011662,51.518811,177 Teviot St,E14 6PY,Teviot Street,Poplar,20120204,33,6174,2081
520,200234,-0.047218,51.526041,193 Bancroft Rd,E1  4BS,Bancroft Road,Bethnal Green,20120204,21,36848,1204
521,200030,-0.037366,51.534137,73 Driffield Rd,E3  5NH,Driffield Road,Old Ford,20120204,19,45039,1883
522,200161,-0.036017,51.525941,48 Clinton Rd,E3  5AX,Clinton Road,Mile End,20120204,36,36445,1715
523,200160,-0.013475,51.51549,33 Bright St,E14 6GN,Langdon Park,Poplar,20120206,24,14139,1805
524,200017,-0.179668,51.511654,100 Lancaster Gate,W2  3NS,Lancaster Gate,Bayswater,20120206,38,56477,1669
525,,-0.014085,51.504405,2 Churchill Place,E14 4BB,Churchill Place,Canary Wharf,20120207,0,20284,1224
526,200143,-0.008428,51.503143,69 Preston's Rd,E14 9NY,Lancaster Drive,Blackwall,20120207,27,19108,1384
527,200154,-0.215808,51.503802,145 Holland Rd,W11 4XX,Hansard Mews,Holland Park,20120208,20,35526,1831
528,200088,-0.145827,51.507326,19 Clarges St,W1J 5HE,Clarges Street,Mayfair,20120209,16,22770,1359
529,200010,-0.170983,51.486892,11 Manresa Rd,SW3 6NA,Manresa Road,Chelsea,20120209,18,55543,1440
530,200146,-0.012413,51.508896,210 Poplar High St,E14 0AX,Newby Place,Poplar,20120209,18,15388,1804
531,200167,-0.042744,51.530326,295-309 Roman Rd,E2  0SG,Twig Folly Bridge,Mile End,20120210,21,57861,1372
532,200163,-0.020068,51.50357,25 Bank St,E14 5EH,Jubilee Plaza,Canary Wharf,20120211,63,84352,1930
533,200165,-0.069743,51.528222,8-22 Wellington Row,E2  7BD,Wellington Row,Bethnal Green,20120213,33,55337,1230
534,200159,-0.066035,51.531864,1 Goldsmiths Row,E2  8QA,Goldsmith's Row,Haggerston,20120213,27,58621,1549
535,200145,-0.147154,51.537349,Gloucester Ave,NW1 7AT,Gloucester Avenue,Camden Town,20120213,24,50977,1562
536,200024,-0.06992,51.53385,149 Queensbridge Rd,E2  8PB,Queensbridge Road,Haggerston,20120213,35,39254,1303
537,200239,-0.067937,51.51793,71 Old Montague St,E1  5NW,Old Montague Street,Whitechapel,20120213,18,54945,1123
538,200050,-0.00699,51.508981,316 Poplar High St,E14 9QE,Naval Row,Blackwall,20120213,21,17805,1692
539,200151,-0.075901,51.531091,397-400 Geffrye St,E2  8FF,Hoxton Station,Hoxton,20120213,22,53444,1144
540,200134,-0.144466,51.528302,87 Albany St,NW1 4JG,Albany Street,Regent's Park,20120216,27,42083,1020
541,200096,-0.142844,51.506613,80 Piccadilly,W1J 9DZ,Green Park Station,Mayfair,20120216,28,124247,2016
542,200147,-0.033828,51.514115,33 Norbiton Rd,E14 7PH,Salmon Lane,Limehouse,20120216,33,40525,1263
543,200065,-0.204666,51.509591,1 Lansdowne Walk,W11 3LT,Lansdowne Walk,Ladbroke Grove,20120216,21,14975,1974
544,200051,-0.102208,51.526153,22 Percival St,EC1V0EB,Percival Street,Finsbury,20120217,22,52629,833
545,200070,-0.145246,51.539957,220-226 Arlington Rd,NW1 7HD,Arlington Road,Camden Town,20120217,24,45837,1638
546,200044,-0.107987,51.517428,8 New Fetter Ln,EC1N2HT,New Fetter Lane,Holborn,20120220,21,64391,911
547,200127,-0.002275,51.509474,Blackwall Way,E14 9QN,East India DLR,Blackwall,20120220,51,28533,1698
548,200076,-0.107913,51.498386,55-59 Westminster Bridge Rd,SE1 7JE,Westminster Bridge Road,Elephant & Castle,20120220,26,15147,1426
549,200132,-0.104193,51.49605,75 St George's Rd,SE1 6ER,Gaywood  Street,Elephant & Castle,20120223,45,28678,1229
550,200102,-0.039264,51.521564,8-26 Harford St,E1  4SJ,Harford Street,Mile End,20120224,23,32289,1072
551,200066,-0.016233,51.503447,Montgomery St,E14 5LH,Montgomery Square,Canary Wharf,20120225,39,26708,1435
552,200149,-0.056667,51.511542,83-88 Watney St,E1  2QE,Watney Street,Shadwell,20120225,27,77434,1017
553,200064,-0.062546,51.535678,Regent's Row,E8  4PP,Regent's Row,Haggerston,20120225,24,167433,1736
554,200078,-0.005659,51.513548,43A Aberfeldy St,E14 0NU,Aberfeldy Street,Poplar,20120225,16,8617,1599
555,200245,-0.219712,51.509424,32 Ariel Way,W12 7SQ,Westfield Eastern Access Road,Shepherd's Bush,20120225,56,3269,2336
556,200138,-0.021596,51.502661,20 Bank St,E14 4AD,Heron Quays DLR,Canary Wharf,20120225,27,20486,1671
557,200203,-0.0985,51.51601,Angel St,EC1A1HQ,King Edward Street,St. Paul's,20120225,20,39357,870
558,200048,-0.127554,51.493978,22 Page St,SW1P4PQ,Page Street,Westminster,20120225,24,42331,1022
559,200111,-0.205991,51.501391,37 Abbotsbury Rd,W14 8EL,Abbotsbury Road,Holland Park,20120225,24,14096,1912
560,200015,-0.205921,51.511624,69-71 Ladbroke Grove,W11 2PD,Ladbroke Grove Central,Ladbroke Grove,20120227,21,19474,1850
561,200037,-0.043371,51.518369,86 Rectory Square,E1  3NU,Rectory Square,Stepney,20120305,22,36463,1184
562,200074,-0.12335,51.51746,Barter St,WC1A2BA,Bury Place,Holborn,20120305,21,46395,1145
563,200232,-0.009152,51.499286,394 Manchester Rd,E14 3NY,Preston's Road,Cubitt Town,20120305,26,12053,1514
564,200068,-0.117619,51.509943,Somerset House,WC2R2PP,Somerset House,Strand,20120305,41,40351,2248
565,200135,-0.063386,51.521905,27 Selby St,E1  5BL,Selby Street,Whitechapel,20120305,17,18924,907
566,200141,-0.224103,51.509158,220 Ariel Way,W12 7FB,Westfield Ariel Way,White City,20120305,42,18341,2825
568,200110,-0.18697,51.51616,84 Bishop's Bridge Rd,W2  6HL,Bishop's Bridge Road West,Bayswater,20120305,18,49915,1283
569,200248,-0.08299,51.53213,194 Pitfield St,N1  6PZ,Pitfield Street Central,Hoxton,20120305,30,36385,1016
570,200099,-0.017676,51.503083,Jubilee Place,E14 5NY,Upper Bank Street,Canary Wharf,20120307,36,38181,1699
571,200061,-0.218337,51.506256,6 Ariel Way,W12 8AY,Westfield Southern Terrace,Shepherd's Bush,20120307,29,28937,1932
572,200026,-0.141728,51.539099,Blue Arch,NW1 0AS,Greenland Road,Camden Town,20120307,36,81656,1922
573,200001,-0.18119,51.485587,2 Limerston St,SW109TW,Limerston Street,West Chelsea,20120307,18,76808,1314
574,200246,-0.09315,51.53356,52 Eagle Wharf Rd,N1  7ER,Eagle Wharf Road,Hoxton,20120307,45,101732,944
576,200109,-0.022793,51.497304,132 Alpha Grove,E14 8PH,Alpha Grove,Millwall,20120307,23,18736,1658
577,200247,-0.047548,51.528869,114-120 Roman Rd,E2  0RN,Globe Town Market,Bethnal Green,20120307,20,45660,1374
578,200244,-0.057133,51.527607,City View House,E2  9QW,Hollybush Gardens,Bethnal Green,20120307,32,34755,1206
579,200128,-0.093051,51.511246,36 Queen St,EC4R1BN,Queen Street 2,Bank,20120307,36,55474,943
580,200084,-0.102996,51.486929,10 Doddington Grove,SE173RF,Doddington Grove,Kennington,20120307,36,18949,1525
581,200005,-0.147983,51.519167,68 New Cavendish St,W1G 8TB,New Cavendish Street,Marylebone,20120327,18,51695,1003
583,200231,-0.125978,51.497622,5 Great College St,SW1P3JU,Abingdon Green,Westminster,20120327,20,73533,1534
584,200086,-0.19096,51.51244,Ilchester Gardens,W2  4JS,Ilchester Gardens,Bayswater,20120327,21,52503,1605
586,200092,-0.014582,51.490645,162 E Ferry Rd,E14 9US,Mudchute DLR,Cubitt Town,20120327,31,14148,2158
587,200101,-0.08497,51.50964,36 Monument St,EC3R8NB,Monument Street,Monument,20120327,22,44138,1349
588,200071,-0.0801,51.52959,28 Hoxton St,N1  6LB,Hoxton Street,Hoxton,20120327,27,35071,1404
589,200060,-0.179369,51.487196,142 Fulham Rd,SW109QR,Drayton Gardens,West Chelsea,20120402,18,68884,1325
590,200236,-0.16862,51.53256,7A Greenberry St,NW8 7AE,Greenberry Street,St. John's Wood,20120427,26,17149,1336
591,200227,-0.224223,51.506093,6 Wood Ln,W12 7BF,Westfield Library Corner,Shepherd's Bush,20120427,27,38798,2909
592,200108,-0.18377,51.5171,38-42 Bishop's Bridge Rd,W2  6LD,Bishop's Bridge Road East,Bayswater,20120427,20,28041,1184
593,200058,-0.11934,51.531066,16 Northdown St,N1  9JJ,Northdown Street,King's Cross,20120427,21,49446,1166
594,200226,-0.117774,51.513875,14 Kingsway,WC2B6LH,Kingsway Southbound,Strand,20120427,33,53292,1140
595,200142,-0.21985,51.493267,179 Hammersmith Rd,W6  8AQ,Hammersmith Road,Hammersmith,20130912,22,29046,1428
596,200237,-0.199783,51.472817,42 New King's Rd,SW6 4XG,Parson's Green,Parson's Green,20130912,21,34897,1626
597,200229,-0.20782,51.473471,879-891 Fulham Rd,SW6 4JU,Fulham Park Road,Fulham,20130912,27,22142,1611
598,200166,-0.228188,51.494499,St Therton Rd,W6  0DY,Southerton Road,Hammersmith,20130912,38,14285,2219
599,200235,-0.223616,51.485743,118 Rannoch Rd,W6  9SY,Manbre Road,Hammersmith,20130912,28,14445,1398
600,200133,-0.124642,51.481747,98 S Lambeth Rd,SW8 2TH,South Lambeth Road,Vauxhall,20130912,21,18862,1683
601,200136,-0.225787,51.514767,10 Wood Ln,W12 7TS,BBC White City,White City,20130912,36,15359,1720
602,200211,-0.133972,51.472993,429-437 Wandsworth Rd,SW8 2RW,Union Grove,Wandsworth Road,20130912,45,20792,1634
603,200137,-0.116493,51.477839,103-113 A3,SW9 0EG,Caldwell Street,Stockwell,20130912,44,28640,1826
604,200195,-0.138535,51.538792,90-92 A400,NW1 0JA,St Martins Close,Camden Town,20130912,18,12979,1233
605,200198,-0.163667,51.520331,122-132 Seymour Pl,W1H 1NS,Seymour Place,Marylebone,20130912,20,19975,1097
606,200218,-0.210941,51.504199,100 Addison Rd,W14 8DU,Addison Road,Holland Park,20130912,26,10385,1343
607,200125,-0.210279,51.468814,69 Fulham High St,SW6 3JY,Putney Bridge Station,Fulham,20131001,21,24046,1704
608,200224,-0.216493,51.491093,69 Colet Gardens,W6  8DF,Colet Gardens,Hammersmith,20131001,29,3324,1751
609,200208,-0.157788,51.465123,Avalon Comics & Books,SW115QJ,Sugden Road,Clapham,20131007,19,15380,1870
610,200222,-0.172078,51.482567,17D Danvers St,SW3 5AX,Danvers Street,West Chelsea,20131007,21,24643,1642
611,200067,-0.208486,51.506465,126 Holland Park Ave,W11 4UE,Princedale Road,Holland Park,20131011,20,18135,1996
612,200175,-0.141812,51.469259,460 Wandsworth Rd,SW8 3LX,Wandsworth Rd,Isley Court,20131011,30,16696,1664
613,200214,-0.2174,51.504038,4 Richmond Way,W12 8LW,Woodstock Grove,Shepherd's Bush,20131011,24,28566,1526
614,200025,-0.14469,51.478172,1 Bradmead,SW8 4AJ,Bradmead,Battersea Park,20131016,40,10371,1729
615,200029,-0.215895,51.476885,311A Fulham Palace Rd,SW6 6TQ,Finlay Street,Fulham,20131016,24,23248,1692
616,200098,-0.209973,51.481021,68 Aintree St,SW6 7QY,Aintree Street,Fulham,20131016,24,19984,1366
617,200028,-0.207842,51.471079,41a Elysium St,SW6 4ND,Elysium Place,Fulham,20131016,21,11329,1421
618,300003,-0.193254,51.476259,63 New King's Rd,SW6 4SG,Eel Brook Common,Walham Green,20131016,24,18469,1653
619,300012,-0.19701,51.473763,179A New King's Rd,SW6 4BT,Irene Road,Parsons Green,20131016,43,16866,1931
620,300010,-0.16716,51.47518,179 Battersea Bridge Rd,SW113AS,Surrey Lane,Battersea,20131016,28,21295,1512
621,200091,-0.187427,51.460864,1 Podmore Rd,SW181AJ,Wandsworth Town Station,Wandsworth,20131016,33,25215,1858
622,200172,-0.205535,51.507481,2 Lansdowne Rd,W11 3QZ,Lansdowne Road,Ladbroke Grove,20131016,29,26796,1474
623,200186,-0.180791,51.46193,3 Nantes Cl,SW112RY,Nantes Close,Clapham Junction,20131016,22,7255,1524
624,200173,-0.132102,51.472918,Courland Grove,SW8 2RN,Courland Grove,Wandsworth Road,20131016,40,11072,1979
625,200190,-0.149551,51.477619,37-100 Prince of Wales Dr,SW114BU,Queen's Circus,Battersea Park,20131016,28,51333,1924
626,300008,-0.204815,51.484386,145-157 Lillie Rd,SW6 7RY,Normand Park,West Kensington,20131016,24,31308,1559
627,200007,-0.15823,51.46879,41 Holden St,SW115UF,Holden Street,Battersea,20131016,20,7274,1549
628,200062,-0.184318,51.468819,195 William Morris Way,SW6 2UX,William Morris Way,Sands End,20131016,26,19171,1566
629,200187,-0.190184,51.459953,1-2 Morie St,SW181SR,Morie Street,Wandsworth,20131016,28,6480,1908
630,200194,-0.126994,51.470732,10 Clarence Walk,SW4 6QU,Clarence Walk,Stockwell,20131016,28,15742,2008
631,200183,-0.14177,51.479501,77 Battersea Park Rd,SW8 4DU,Battersea Park Road,Nine Elms,20131016,27,17332,1424
632,200176,-0.163041,51.470538,194-196 Sheepcote Ln,SW115BW,Sheepcote Lane,Battersea,20131017,28,13277,1484
633,200116,-0.209378,51.489591,1 Vereker Rd,W14 9DY,Vereker Road North,West Kensington,20131101,32,26807,1411
634,300002,-0.215804,51.494347,43 Brook Green,W6  7EF,Brook Green South,Brook Green,20131101,33,19633,1263
635,200215,-0.214428,51.486062,110-112 Greyhound Rd,W6  8NT,Greyhound Road,Hammersmith,20131101,37,22091,1403
636,200180,-0.193502,51.467064,51 Hugon Rd,SW6 3ES,South Park,Sands End,20131101,27,19802,1029
637,200191,-0.174691,51.45787,24B Spencer Park,SW182TB,Spencer Park,Wandsworth Common,20131101,25,5992,2847
638,300014,-0.169821,51.466633,142 Falcon Rd,SW112PE,Falcon Road,Clapham Junction,20131101,28,39599,1401
639,200081,-0.202038,51.48357,Coomber Rd,SW6 7SD,Coomer Place,West Kensington,20131101,27,22673,1250
640,200179,-0.148059,51.472865,166 Queenstown Rd,SW8 3HL,Silverthorne Road,Battersea,20131101,28,18378,1796
641,300025,-0.117495,51.498241,Lambeth Palace Rd,SE1 7LG,Archbishop's Park,Waterloo,20131101,23,28065,1522
642,200192,-0.174485,51.469161,5-37 Fawcett Cl,SW112LU,Fawcett Close,Clapham Junction,20131101,36,5785,1703
643,300026,-0.204764,51.519042,48 All Saints Rd,W11 1HF,All Saints' Road,Portobello,20131101,22,21530,1748
644,200182,-0.223852,51.483732,102 Rainville Rd,W6  9HJ,Rainville Road,Hammersmith,20131101,36,23264,1478
645,200200,-0.100292,51.501732,69 Great Suffolk St,SE1 0BE,Great Suffolk Street,Borough,20131101,21,24613,872
646,200178,-0.137424,51.498865,Buckingham Court,SW1E6AL,Buckingham Gate,Westminster,20131101,16,34391,1754
647,200181,-0.217515,51.500353,61 Richmond Way,W14 0AR,Richmond Way,Shepherd's Bush,20131101,27,18415,1358
648,200171,-0.196274,51.46904,46 Peterborough Rd,SW6 3DB,Peterborough Road,Sands End,20131101,30,8581,2237
649,300009,-0.180274,51.481805,465 King's Rd,SW100LE,World's End Place,West Chelsea,20131101,22,21918,1616
650,300034,-0.213872,51.51687,69 St Marks Rd,W10 6JE,St. Mark's Road,North Kensington,20131101,23,22137,2035
651,300030,-0.183853,51.480898,507A King's Rd,SW100TX,Thorndike Close,West Chelsea,20131101,25,22319,1859
652,300022,-0.21819,51.511486,123-125 Freston Rd,W10 6TF,Evesham Street,Avondale,20131115,29,6871,2085
653,200196,-0.170703,51.470847,4 Simpson St,SW113HL,Simpson Street,Clapham Junction,20131122,25,23841,1501
654,200223,-0.117661,51.482678,102 Meadow Rd,SW8 1QE,Ashmole Estate,Oval,20131122,34,14913,1174
655,200221,-0.219346,51.482944,9 Crabtree Ln,SW6 6HP,Crabtree Lane,Fulham,20131122,27,18449,1417
656,200040,-0.199135,51.468418,Broomhouse Ln,SW6 3DR,Broomhouse Lane,Parsons Green,20131122,29,7485,1583
657,200220,-0.221791,51.49968,236A Blythe Rd,W14 0HJ,Blythe Road West,Shepherd's Bush,20131122,21,14083,1973
658,300005,-0.164786,51.477292,73-83 A3031,SW114QY,Ethelburga Estate,Battersea Park,20131122,30,40072,1515
659,200212,-0.174619,51.46437,Grant Rd,SW112HJ,Grant Road West,Clapham Junction,20131122,57,3361,2118
660,300020,-0.206029,51.49087,W Cromwell Rd,W14 9AD,West Kensington Station,West Kensington,20131122,22,19533,1313
661,300023,-0.202608,51.51632,53E Colville Gardens,W11 1JQ,All Saints Church,Portobello,20131122,37,38413,1571
662,200189,-0.167919,51.484984,1 Phene St,SW3 5NZ,Phene Street,Chelsea,20131122,24,25715,1726
663,200124,-0.211593,51.51323,112-114 Clarendon Rd,W11 1SA,Clarendon Road,Avondale,20131123,24,11715,1442
664,300013,-0.155442,51.474376,315 Battersea Park Rd,SW114LY,Austin Road,Battersea Park,20131128,24,24127,1513
665,200113,-0.191722,51.461083,16 Smugglers Way,SW181EG,Smugglers Way,Wandsworth,20131128,28,12485,1930
666,300004,-0.208158,51.4961,5a Kensington High St,W14 8XJ,Olympia Way,Olympia,20131128,38,28881,1267
667,200209,-0.222293,51.501594,40 Shepherds Bush Rd,W6  7LX,Shepherd's Bush Road North,Shepherd's Bush,20131128,34,15533,2134
668,300037,-0.236769,51.494223,7-13 Ravenscourt Rd,W6  0UQ,Ravenscourt Park Station,Hammersmith,20131128,26,15400,2711
669,300036,-0.123258,51.476149,61 Teversham Ln,SW8 2DP,Teversham Lane,Stockwell,20131128,39,10664,1913
670,200169,-0.152248,51.467185,5 Ashley Cres,SW115QY,Ashley Crescent,Battersea,20131128,28,17213,1634
671,300052,-0.201968,51.475089,64 St Maur Rd,SW6 4QY,Parsons Green Station,Parsons Green,20131128,56,36229,1407
672,200206,-0.173656,51.464688,1 Grant Rd,SW112HH,Grant Road Central,Clapham Junction,20131128,28,1767,2390
673,300051,-0.180389,51.46517,285 York Rd,SW113QS,Hibbert Street,Clapham Junction,20131128,36,16670,1903
674,300035,-0.116191,51.535467,1 Carnegie St,N1  0UE,Carnegie Street,King's Cross,20131128,40,19577,1218
675,200126,-0.182126,51.463489,22 Usk Rd,SW112RR,Usk Road,Clapham Junction,20131128,30,12153,1619
676,200207,-0.126874,51.47787,63 Hartington Rd,SW8 2HL,Hartington Road,Stockwell,20131128,35,20404,1446
677,200023,-0.146544,51.468669,14 Heath Rd,SW8 3DL,Heath Road,Battersea,20131128,27,9198,1712
678,200170,-0.211468,51.462312,8 Esmond St,SW152LG,Esmond Street,Putney,20131128,30,4579,2082
679,200114,-0.17021,51.474535,20 Orbel St,SW113NZ,Orbel Street,Battersea,20131128,26,14129,1264
680,200210,-0.170329,51.477684,37 Westbridge Rd,SW113PW,Westbridge Road,Battersea,20131128,28,36587,1615
681,200043,-0.214749,51.473036,Bishop's Ave,SW6 6EG,Bishop's Avenue,Fulham,20131128,46,19922,1900
682,200059,-0.226606,51.488108,70 Crisp Rd,W6  9BF,Crisp Road,Hammersmith,20131128,46,24074,2339
683,200119,-0.16375,51.465064,17B Dorothy Rd,SW112JR,Dorothy Road,Clapham Junction,20131128,28,16562,1674
684,200188,-0.195197,51.454752,Neville Gill Cl,SW184BW,Neville Gill Close,Wandsworth,20131128,32,13113,2885
685,200219,-0.198735,51.46067,1B Osiers Rd,SW181NL,Osiers Road,Wandsworth,20131128,30,18770,1530
686,200097,-0.222456,51.488144,2 Beryl Rd,W6  8JA,Beryl Road,Hammersmith,20131128,26,18063,1482
687,200216,-0.211455,51.497608,6A Maclise Rd,W14 0PR,Maclise Road,Olympia,20131128,26,25070,1332
688,200204,-0.200667,51.460951,16 Northfields,SW181PE,Northfields,Wandsworth,20131128,28,10156,1902
689,200106,-0.180884,51.459225,27-30 Spanish Rd,SW182HZ,Spanish Road,Clapham Junction,20131128,30,5993,2052
690,200199,-0.15213,51.470475,77 Stanley Grove,SW8 3PL,Stanley Grove,Battersea,20131128,24,11038,1751
691,200184,-0.195777,51.479463,5 Erin Cl,SW6 1BF,Erin Close,Walham Green,20131128,24,34856,1669
692,200112,-0.028941,51.542118,69-70 Cadogan Terrace,E9  5EQ,Cadogan Close,Victoria Park,20131128,22,31215,2661
693,300019,-0.215618,51.464786,5 Felsham Rd,SW151SF,Felsham Road,Putney,20131128,18,18712,2722
694,300033,-0.216526,51.460717,198-200 Upper Richmond Rd,SW151TE,Putney Rail Station,Putney,20131128,20,10131,2854
695,300031,-0.102757,51.536384,14 Islington Green,N1  2XR,Islington Green,Angel,20131128,21,67644,1456
696,300018,-0.217995,51.487285,49 Margravine Rd,W6  8HA,Charing Cross Hospital,Hammersmith,20131204,21,15473,1288
697,200129,-0.112721,51.536392,Charlotte Terrace,N1  0FB,Charlotte Terrace,Angel,20131204,25,19160,1308
698,200121,-0.070329,51.539083,271-283 Queensbridge Rd,E8  4EU,Shoreditch Court,Haggerston,20131204,35,21125,1557
699,200057,-0.07023,51.536654,25 Queensbridge Rd,E8  4JH,Belford House,Haggerston,20131204,39,17245,1425
700,200201,-0.174347,51.476964,141 Battersea Church Rd,SW113NG,Battersea Church Road,Battersea,20131204,25,20141,1398
701,200077,-0.176267,51.472876,42 Vicarage Cres,SW113LJ,Vicarage Crescent,Battersea,20131204,30,29208,1384
702,200213,-0.06555,51.528681,45 Durant St,E2  7DT,Durant Street,Bethnal Green,20131204,24,24381,1113
703,200094,-0.105344,51.515059,10 St Bride St,EC4A4AD,St. Bride Street,Holborn,20131204,25,42667,979
704,200063,-0.202802,51.45682,2A Upper Richmond Rd,SW152SD,Mexfield Road,East Putney,20131204,18,6445,1959
705,300042,-0.212145,51.459715,95-97 Upper Richmond Rd,SW152SP,Upper Richmond Road,Putney,20131204,25,8732,2600
706,200193,-0.083632,51.502153,10 Snowsfields,SE1 3TE,Snowsfields,London Bridge,20131204,31,26169,1321
707,200197,-0.215087,51.490217,7 Margravine Gardens,W6  8RL,Barons Court Station,West Kensington,20131204,32,29356,1230
708,200217,-0.216145,51.46161,9 Disraeli Rd,SW151RX,Disraeli Road,Putney,20131204,33,17518,1762
709,200205,-0.21555,51.463211,5 Montserrat Rd,SW151SS,Montserrat Road,Putney,20131204,23,9834,2524
710,300045,-0.163347,51.474392,41 Albert Bridge Rd,SW114HQ,Albert Bridge Road,Battersea Park,20131204,20,31180,1611
711,300028,-0.216305,51.483356,111 Everington St,SW6 7PL,Everington Street,Fulham,20131204,31,17991,1529
712,300056,-0.034903,51.518541,Rhodeswell Rd,E14 7SX,Mile End Stadium,Mile End,20131204,22,20210,1305
713,200122,-0.14326,51.541007,35 Hawley Cres,NW1 8NP,Hawley Crescent,Camden Town,20131204,22,13191,2023
714,300055,-0.137235,51.473116,142-144 Stewart's Rd,SW8 4HH,Stewart's Road,Wandsworth Road,20131204,28,5810,2384
715,300049,-0.049067,51.51563,29 Aylward St,E1  0PB,Aylward Street,Stepney,20131204,22,17288,1063
716,300048,-0.023565,51.515427,84 Stainsby Rd,E14 6TJ,Stainsby Road,Poplar,20131204,24,12534,1507
717,300024,-0.075885,51.536585,2 Dunston Rd,E8  4FA,Dunston Road,Haggerston,20131204,43,52732,1618
718,300040,-0.060291,51.535716,394 Ada St,E8  4QN,Ada Street,Hackney Central,20131204,45,30880,1659
719,300011,-0.054162,51.536424,9 Victoria Park Rd,E9  7NJ,Victoria Park Road,Hackney Central,20131204,34,36303,1868
720,300038,-0.205279,51.487244,43 Star Rd,W14 9QA,Star Road,West Kensington,20131204,24,16407,1586
721,300039,-0.026262,51.536039,12B Wendon St,E3  2LZ,Wendon Street,Old Ford,20131204,18,14918,1884
722,300041,-0.058631,51.524583,108 Finnis St,E2  6JW,Finnis Street,Bethnal Green,20131204,19,17175,907
723,300053,-0.190346,51.46822,5 Stephendale Rd,SW6 2PD,Stephendale Road,Sands End,20131211,48,35171,1548
724,300046,-0.184806,51.457991,1A Alma Rd,SW182HE,Alma Road,Wandsworth,20131211,28,10095,2029
725,300050,-0.138748,51.477322,1 Thessaly Rd,SW8 4JS,Thessaly Road North,Wandsworth Road,20131211,28,7819,1587
726,300047,-0.150908,51.47505,4 Alfreda St,SW115FH,Alfreda Street,Battersea Park,20131211,22,17857,1762
727,300054,-0.205876,51.475698,658 Fulham Rd,SW6 5AZ,Chesilton Road,Fulham,20131211,23,27829,1770
728,300044,-0.20624,51.461999,165 Putney Bridge Rd,SW152NZ,Putney Bridge Road,East Putney,20131211,29,8791,2572
729,300043,-0.208485,51.478939,13 St Peter's Terrace,SW6 7JT,St. Peter's Terrace,Fulham,20131211,24,27084,1139
730,300082,-0.229116,51.492084,2 Bridge Ave,W6  9JP,Bridge Avenue,Hammersmith,20131211,18,20696,2225
731,300095,-0.18921,51.477276,1 Michael Rd,SW6 2ET,Michael Road,Walham Green,20131211,37,22125,1485
732,300083,-0.087262,51.506304,Colechurch House,SE1 2SX,Duke Street Hill,London Bridge,20131211,21,85381,1283
733,300093,-0.150817,51.505426,22 Park Ln,W1K 1RA,Park Lane,Mayfair,20131211,18,22157,1900
734,300094,-0.175407,51.462305,Pembrook Mews,SW112BJ,Plough Terrace,Clapham Junction,20131211,31,11034,1696
735,200120,-0.173029,51.464894,1 Grant Rd,SW112HD,Grant Road East,Clapham Junction,20131211,35,20434,1401
736,300088,-0.216104,51.50659,31 Norland Rd,W11 4TP,Queensdale Road,Shepherd's Bush,20131211,28,5792,2062
737,300086,-0.194116,51.479932,1 Cedarne Rd,SW6 2DH,Fulham Broadway,Walham Green,20131211,26,56752,1440
738,300087,-0.187278,51.475142,2317 Imperial Rd,SW6 2BX,Imperial Road,Sands End,20131211,37,24344,1522
739,300091,-0.185273,51.481765,Hortensia Rd,SW100QR,Hortensia Road,West Brompton,20131211,28,20398,1386
740,300084,-0.214594,51.510928,44-54 Sirdar Rd,W11 4DE,Sirdar Road,Avondale,20131211,26,6145,1254
741,300085,-0.219486,51.512981,185 Freston Rd,W10 6TT,Freston Road,Avondale,20131211,23,5722,1421
742,300090,-0.208565,51.515108,36 Blenheim Cres,W11 1NT,Blenheim Crescent,Ladbroke Grove,20131211,22,29471,1658
743,300078,-0.212607,51.460792,110-186 Oxford Rd,SW152LH,Oxford Road,Putney,20131211,29,5344,2337
744,300077,-0.172293,51.467454,83 Ingrave St,SW112SE,Ingrave Street,Clapham Junction,20131211,30,6400,1723
745,300075,-0.182435,51.478169,69 Upcerne Rd,SW100SF,Upcerne Road,West Chelsea,20131211,29,19433,1334
746,300076,-0.179038,51.479573,2-40 Lots Rd,SW100QJ,Lots Road,West Chelsea,20131211,24,18105,1574
747,300089,-0.161765,51.487964,9 Durham Pl,SW3 4ET,Ormonde Gate,Chelsea,20131211,24,19888,1381
748,300092,-0.079201,51.537277,16 Hertford Rd,N1  5SB,Hertford Road,Haggerston,20131211,25,32695,1302
749,300081,-0.074284,51.539328,250 Haggerston Rd,E8  4EX,Haggerston Road,Haggerston,20131211,37,31262,1820
750,300080,-0.15785,51.471095,103 Culvert Rd,SW115AX,Culvert Road,Battersea,20131211,27,8564,1669
751,300074,-0.120909,51.516128,41 Newton St,WC2B5AH,Newton Street,Covent Garden,20131211,24,25910,1131
752,300079,-0.206002,51.458164,16 Manfred Rd,SW152RR,Manfred Road,East Putney,20131216,29,3224,1913
753,300006,-0.234094,51.492636,193-203 King St,W6  9JT,Hammersmith Town Hall,Hammersmith,20131216,28,14509,2337
754,300067,-0.214762,51.5129,25 Bomore Rd,W11 4BN,Grenfell Road,Avondale,20140130,24,7340,1237
755,300058,-0.174971,51.485121,29A The Vale,SW3 5UT,The Vale,West Chelsea,20140130,24,36536,1405
756,300073,-0.159169,51.475153,56-80 Prince of Wales Dr,SW114EX,Prince of Wales Drive,Battersea Park,20140130,21,20030,1827
757,300069,-0.187404,51.487958,46 Harcourt Terrace,SW109LA,Harcourt Terrace,West Brompton,20140131,24,22393,1393
758,300057,-0.201005,51.51787,211 Westbourne Park Rd,W11 1EA,Westbourne Park Road,Portobello,20140228,23,23750,1559
759,300072,-0.165668,51.524561,27 Broadley Terrace,NW1 6PA,Broadley Terrace,Marylebone,20140228,18,10397,1207
760,300071,-0.163795,51.525269,61 Rossmore Rd,NW1 6EJ,Rossmore Road,Marylebone,20140228,18,16028,1082
761,300068,-0.21186,51.483217,1 Humbolt Rd,W6  8QL,Humbolt Road,Fulham,20140228,27,18301,1190
762,200202,-0.129698,51.500703,6 Lewisham St,SW1P3AT,Storey's Gate,Westminster,20140228,21,59502,1781
763,300027,-0.032566,51.520597,107 Burdett Rd,E3  4HG,Mile End Park Leisure Centre,Mile End,20140228,47,16449,1739
764,200185,-0.168292,51.462392,7C Eckstein Rd,SW111PR,St. John's Road,Clapham Junction,20140319,33,15725,1998
765,300064,-0.206827,51.467601,46 Ranelagh Gardens,SW6 3SE,Ranelagh Gardens,Fulham,20140402,39,10825,2026
766,200079,-0.192165,51.457529,9 Ram St,SW189ZY,Ram Street,Wandsworth,20140423,25,14112,1760
767,200177,-0.200806,51.457059,2 Santos Rd,SW181RX,Santos Road,Wandsworth,20140423,30,4588,1615
768,300065,-0.159322,51.461343,6 Clapham Common North Side,SW4 9SL,Clapham Common North side,Clapham Common,20140423,37,16381,2442
769,300001,-0.191803,51.473611,2 Sandilands Rd,SW6 2TE,Sandilands Road,Walham Green,20140423,21,17921,1293
770,300097,-0.209121,51.491026,17-35 Gwendwr Rd,W14 9BJ,Gwendwr Road,West Kensington,20140424,30,12687,1331
771,300007,-0.216016,51.509224,49 St.Anns Rd,W11 4DR,Rifle Place,Avondale,20140424,21,6763,1754
772,300015,-0.122831,51.472509,2G Binfield Rd,SW4 6TA,Binfield Road,Stockwell,20140424,35,29264,2038
773,300096,-0.107349,51.511891,Tallis St,EC4Y0BS,Tallis Street,Temple,20140425,24,27279,1019
774,300098,-0.20464,51.470131,97 Hurlingham Rd,SW6 3NR,Hurlingham Park,Parsons Green,20140502,20,6808,1558
775,300101,-0.223868,51.496664,184 Shepherds Bush Rd,W6  7BG,Little Brook Green,Brook Green,20140502,33,9655,1722
776,300099,-0.167029,51.460333,Abyssinia Rd,SW111NX,Abyssinia Close,Clapham Junction,20140725,20,7571,2331
777,300100,-0.165297,51.461923,40 Limburg Rd,SW111HD,Limburg Road,Clapham Junction,20140726,21,3434,1900
779,200072,-0.077178,51.514449,142 Houndsditch,EC3A7DH,Houndsditch,Aldgate,20150702,28,8790,960
780,300070,-0.183165,51.474665,Stephenson House,SW6 2PY,Imperial Wharf Station,Fulham,20150814,25,10043,1324
781,300032,-0.172065,51.496653,Knightsbridge,SW7 2RL,Victoria and Albert Museum,South Kensington,20151130,30,3965,1458
782,300210,-0.197609,51.483911,29 Halford Rd,SW6 1LB,Halford Road,Fulham,20160104,24,2401,994
783,300213,-0.02163,51.540311,90 Monier Rd,E3  2PA,Monier Road,"Hackney Wick
",20160104,27,2684,1771
784,300200,-0.009935,51.546326,7 Anthems Way,E20 1DD,East Village,"Queen Elizabeth Olympic Park
",20160121,34,3136,2931
785,300233,-0.01051,51.54094,8 Carpenters Rd,E20 2AQ,Aquatic Centre,"Queen Elizabeth Olympic Park
",20160121,64,11592,2664
786,300029,-0.015717,51.549369,Sedona House,E20 3AB,"Lee Valley VeloPark
","Queen Elizabeth Olympic Park
",20160121,44,3947,1909
787,300227,-0.014691,51.546805,7 Olympic Park Ave,E20 1FT,Timber Lodge,"Queen Elizabeth Olympic Park
",20160121,35,3057,2448
788,300226,-0.019524,51.544836,Omega Works,E15 2GX,Copper Box Arena,"Queen Elizabeth Olympic Park
",20160122,33,2647,1993
789,300021,-0.011889,51.538718,Stratford Walk,E20 2AD,Podium/Stratford Walk,"Queen Elizabeth Olympic Park
",20160122,39,6196,2202
790,300234,-0.00481,51.541793,Westfield Stratford City,E15 1AZ,Stratford Station,Stratford,20160303,28,1901,2475
792,300214,-0.10454,51.505461,34 Blackfriars Rd,SE1 8NZ,Blackfriars Road,Southwark,20160321,41,1964,1261
793,300205,-0.119558,51.528279,1889 Cromer St,WC1H8LR,Cromer Street,Bloomsbury,20160321,28,1153,960
794,300204,-0.12458,51.474567,82 Lansdowne Way,SW8 2DH,Lansdowne Way Bus Garage,Stockwell,20160321,28,288,4016
795,300203,-0.134849,51.527566,2 Melton St,NW1 2EA,Melton Street,Euston,20160331,28,2500,1006
796,300201,-0.126409,51.524,58 Coram St,WC1N1HB,Coram Street,Bloomsbury,20160414,29,1017,1072
797,300211,-0.128279,51.5293,40 Ossulston St,NW1 1JJ,Ossulston Street,Somers Town,20160803,30,486,1352
798,300212,-0.122299,51.530199,59 Birkenhead St,WC1H8BW,Birkenhead Street,King's Cross,20160803,26,1362,1620
799,300202,-0.137598,51.497698,WestMinster City Hall,SW1E6SB,Kings Gate House,Westminster,20160803,24,604,1418
800,300248,-0.149035,51.481121,352-368 Queenstown Rd,SW8 3NY,Sopwith Way,Battersea Park,20160803,30,2346,1912
801,300208,-0.098031,51.505224,65-69 Southwark St,SE1 0HR,Lavington Street,Bankside,20160803,29,2462,1223
802,300209,-0.118256,51.47659,Albert Square,SW8 1HY,Albert Square,Stockwell,20160803,32,682,1636
803,300238,-0.098341,51.505409,21 Southwark St,SE1 0JA,Southwark Street,Bankside,20160803,23,796,1033
804,300243,-0.125078,51.534667,Goods Way,N1C 4AH,Good's Way,King's Cross,20160803,27,2836,1639
805,300244,-0.206338,51.520069,10 Bevington Rd,W10 5TP,Bevington Road,North Kensington,20160803,27,164,2294
807,300236,-0.208888,51.5212,88 Bevington Rd,W10 5TL,Bevington Road West,North Kensington,20160803,24,531,1970
808,300207,-0.122555,51.473486,334-342 S Lambeth Rd,SW4 6SY,Stockwell Roundabout,Stockwell,20160803,33,326,1270
809,300240,-0.118272,51.516277,63 Lincoln's Inn Fields,WC2A3JW,Lincoln's Inn Fields,Holborn,20160803,28,677,1171
810,300237,-0.098807,51.506725,24 Sumner St,SE1 9JA,Tate Modern,Bankside,20160803,30,2100,1591
811,300228,-0.027772,51.505703,28 Westferry Circus,E14 8RR,Westferry Circus,Canary Wharf,20160803,36,633,2262
812,300217,-0.022606,51.548731,Waterden Rd,E15 2HB,Here East North,Queen Elizabeth Olympic Park,20160803,28,238,2308
813,300224,-0.122759,51.487807,New Spring Gardens Walk,SE1 7TP,New Spring Gardens Walk,Vauxhall,20160803,37,307,2193
814,300245,-0.12367,51.471433,284-288 Clapham Rd,SW9 9BQ,Clapham Road,Lingham Stre,20160803,30,745,2643
815,300231,-0.116628,51.500089,Lambeth Palace Rd,SE1 7EU,Lambeth Palace Road,Waterloo,20160803,35,1501,1243
817,300232,-0.138212,51.481335,53 Nine Elms Ln,SW8 5BP,Riverlight South,Nine Elms,20160803,26,480,1208
818,300249,-0.078655,51.503127,Queen Elizabeth St,SE1 2JR,One Tower Bridge,Southwark,20160803,13,1254,1188
